"nombre","barrio","orden_carga"
"Calle 1268","""Infiernillo"" - Oeste Frac. C1","1268"
"Camino del Centenario","""Infiernillo"" - Pietrobelli","1270"
"Bernardo O'Higgins","13 de Diciembre","133"
"La Rioja","13 de Diciembre","128"
"Neuquén","13 de Diciembre","131"
"San Juan","13 de Diciembre","130"
"San Luis","13 de Diciembre","129"
"Tierra del Fuego","13 de Diciembre - José Fuchs","132"
"Alberto de Agostini","25 de Mayo","1129"
"Alberto Dip. Nac. Rodríguez Gallardo","25 de Mayo","1254"
"Alejandro Korn","25 de Mayo","1130"
"Ángel Gallardo","25 de Mayo","1126"
"Aníbal Espejon","25 de Mayo","1253"
"Ara San Juan","25 de Mayo","1305"
"Atanas Iovanovitch","25 de Mayo","1252"
"Calle Peatonal Mario Aníbal Gaston","25 de Mayo","1283"
"César Stafforini","25 de Mayo","1053"
"Doctor Antonio Sabastian Pocoví","25 de Mayo","1306"
"Enrique Mosconi","25 de Mayo","1127"
"Estanislao Zeballos","25 de Mayo","1124"
"Guillermo Enrique Hudson","25 de Mayo","1157"
"Ingeniero Guarnieri","25 de Mayo","1055"
"Ingeniero Lafont","25 de Mayo","1049"
"Ingeniero Paters","25 de Mayo","1046"
"Ingeniero Raventós","25 de Mayo","1048"
"Julio César Quiroga","25 de Mayo","1255"
"Kurt Otto Münnemann","25 de Mayo","1246"
"Lago Puelo","25 de Mayo","1045"
"Las Jarillas","25 de Mayo","1219"
"Las Mutisias","25 de Mayo","1214"
"Los Coirones","25 de Mayo","1213"
"Los Notros","25 de Mayo","1212"
"Malaspina","25 de Mayo","1217"
"Manuel J. Molina","25 de Mayo","1125"
"Miguel Lillo","25 de Mayo","1128"
"Pasaje Peatonal Grindelia","25 de Mayo","1222"
"Pasaje Peatonal Michay","25 de Mayo","1221"
"Quilimbay","25 de Mayo","1220"
"Retama","25 de Mayo","1210"
"Ricardo Levene","25 de Mayo","1131"
"Tomillo","25 de Mayo","1218"
"Calle 1211","25 de Mayo - "" Covicup "" - Entre Mzas. 55 y 59","1211"
"Calle 1216","25 de Mayo - "" Covicup "" - Este Mzas. 55 a 63","1216"
"Calle 1320","25 de Mayo - Este Mza. 1 (4 Mcr)","1320"
"Calle 1285","25 de Mayo - Este Mza. 192","1285"
"Calle 1276","25 de Mayo - Norte Fracción 10","1276"
"Calle 1284","25 de Mayo - Oeste Mza. 192","1284"
"Calle 1303","25 de Mayo - Oeste Mzo. 52","1303"
"Calle 1215","27 de Mayo - "" Covicup "" - Entre Mzas. 61 y 63","1215"
"Antonio Tello","30 de Octubre","623"
"César Campoy","30 de Octubre","611"
"Clara Isabel Larraude","30 de Octubre","621"
"Félix Vega","30 de Octubre","624"
"Fernando Montellano","30 de Octubre","468"
"Juan Schiabrando","30 de Octubre","625"
"Laura Duran","30 de Octubre","833"
"Luis Ricardo Rosello","30 de Octubre","469"
"Milton Woodley","30 de Octubre","812"
"Olimpides Surita","30 de Octubre","622"
"Pasaje Peatonal Félix Mujica","30 de Octubre","674"
"Pasaje Peatonal Santiago Fernández","30 de Octubre","675"
"Peatonal Guillermo Quiroga Burnett","30 de Octubre","841"
"Raúl Gutiérrez","30 de Octubre","620"
"Calle 0589","30 de Octubre - Entre Mza. 100 y 101","589"
"Emigdio Ramos","30 de Octubre - Mario Abel Amaya","619"
"José Tomás Pedraza","30 de Octubre - Mario Abel Amaya","470"
"Calle 0588","30 de Octubre - Norte Mza. 100","588"
"Elio Rene Medrano","3o de Octubre","618"
"Boulevard Córdoba","9 de Julio","127"
"Catamarca","9 de Julio","120"
"Chubut","9 de Julio","118"
"Eleuterio Mujica","9 de Julio","707"
"Santiago del Estero","9 de Julio","114"
"Uruguay","9 de Julio","126"
"Avenida Sargento Cabral","9 de Julio - 13 de Diciembre","125"
"La Pampa","9 de Julio - 13 de Diciembre","119"
"Mendoza","9 de Julio - 13 de Diciembre","122"
"Río Negro","9 de Julio - 13 de Diciembre","121"
"Santa Cruz","9 de Julio - 13 de Diciembre","116"
"Tucumán","9 de Julio - 13 de Diciembre","117"
"Ruben Machado","9 de Julio - 13 de Diciembre - Ceferino Namuncurá","174"
"Salta","9 de Julio - 13 de Diciembre - José Fuchs","115"
"Entre Ríos","9 de Julio - Jorge Newbery - Ceferino Namuncurá","124"
"Calle 1000","Accecso Sur - Este Parcelas 24 a 26","1000"
"Calle 3337","Acceso Noroeste - Entre Mzas. 69 a 73","3337"
"Calle 3338","Acceso Noroeste - Entre Mzas. 70 a 77","3338"
"Calle 3345","Acceso Noroeste - Entre Mzas. 70 y 71","3345"
"Calle 3344","Acceso Noroeste - Entre Mzas. 71 y 72","3344"
"Calle 3340","Acceso Noroeste - Entre Mzas. 72 a 82 y 101","3340"
"Calle 3343","Acceso Noroeste - Entre Mzas. 72 y 73","3343"
"Calle 3339","Acceso Noroeste - Entre Mzas. 74 a 80 y 100","3339"
"Calle 3346","Acceso Noroeste - Noroeste Mzas. 70, 74, 78 y 81","3346"
"Calle 3342","Acceso Noroeste - Sudeste Mzas. 73, 77, 100 y 101","3342"
"Calle 3341","Acceso Noroeste - Sudoeste Mzas. 81, 82 y 101","3341"
"Calle 3432","Acceso Noroeste 1 - Entre Mzas. 1 a 6","3432"
"Calle 3422","Acceso Noroeste 1 - Entre Mzas. 1 y 2 a 24 y 25","3422"
"Calle 3429","Acceso Noroeste 1 - Entre Mzas. 10 y 14","3429"
"Calle 3428","Acceso Noroeste 1 - Entre Mzas. 13 y 17","3428"
"Calle 3427","Acceso Noroeste 1 - Entre Mzas. 15 y 20","3427"
"Calle 3426","Acceso Noroeste 1 - Entre Mzas. 18 y 23","3426"
"Calle 3421","Acceso Noroeste 1 - Entre Mzas. 2 y 3 a 25 y 26","3421"
"Calle 3425","Acceso Noroeste 1 - Entre Mzas. 21 y 26","3425"
"Calle 3431","Acceso Noroeste 1 - Entre Mzas. 4 a 9","3431"
"Calle 3430","Acceso Noroeste 1 - Entre Mzas. 7 a 12","3430"
"Calle 3424","Acceso Noroeste 1 - Este Mzas. 24 a 26","3424"
"Calle 3423","Acceso Noroeste 1 - Norte Mzas. 1 a 24","3423"
"Calle 3433","Acceso Noroeste 1 - Oeste Mzas. 1 a 3","3433"
"Calle 3420","Acceso Noroeste 1 - Sur Mzas. 3 a 26","3420"
"Calle 3058","Acceso Noroeste 2 - Entre Mzas. 254 y 255","3058"
"Calle 3057","Acceso Noroeste 2 - Entre Mzas. 256 y 257","3057"
"Calle 3059","Acceso Noroeste 2 - Entre Mzas. 256, 257 y 258","3059"
"Calle 3060","Acceso Noroeste 2 - Entre Mzas. 258 y 259","3060"
"Calle 3061","Acceso Noroeste 2 - Entre Mzas. 259 y 260","3061"
"Calle 3064","Acceso Noroeste 2 - Norte Mzas. 253 y 257","3064"
"Calle 3063","Acceso Noroeste 2 - Norte Mzas. 258 a 260","3063"
"Calle 3062","Acceso Noroeste 2 - Oeste Mza. 260","3062"
"Calle 3056","Acceso Noroeste 2 - Sur Mzas. 252 a 260","3056"
"Calle 3076","Acceso Noroeste 3 - Entre Mzas 39 a 50 y 89 a 92","3076"
"Calle 3074","Acceso Noroeste 3 - Entre Mzas. 33 a 44 y 83 a 88","3074"
"Calle 3086","Acceso Noroeste 3 - Entre Mzas. 38, 44, 50 y 88 a 93","3086"
"Calle 3082","Acceso Noroeste 3 - Entre Mzas. 83 y 84","3082"
"Calle 3080","Acceso Noroeste 3 - Entre Mzas. 84 y 85","3080"
"Calle 3075","Acceso Noroeste 3 - Entre Mzas. 87 a 90","3075"
"Calle 3083","Acceso Noroeste 3 - Entre Mzas. 87 y 88","3083"
"Calle 3084","Acceso Noroeste 3 - Entre Mzas. 89 y 90","3084"
"Calle 3077","Acceso Noroeste 3 - Entre Mzas. 91 a 94","3077"
"Calle 3085","Acceso Noroeste 3 - Entre Mzas. 91 y 92","3085"
"Calle 3079","Acceso Noroeste 3 - Este Mza. 86","3079"
"Calle 3081","Acceso Noroeste 3 - Este Mzas. 87 a 94","3081"
"Calle 3073","Acceso Noroeste 3 - Norte Mzas. 84 y 85","3073"
"Calle 3078","Acceso Noroeste 3 - Sudoeste Mza. 94, Entre Mza. 93","3078"
"Calle 2558","Acceso Noroeste 4 - Entre Mzas. 39 y 40","2558"
"Calle 2557","Acceso Noroeste 4 - Entre Mzas. 40 y 41","2557"
"Calle 2556","Acceso Noroeste 4 - Entre Mzas. 41 y 42","2556"
"Calle 2555","Acceso Noroeste 4 - Entre Mzas. 42 y 43","2555"
"Calle 2554","Acceso Noroeste 4 - Entre Mzas. 43 y 44","2554"
"Calle 2562","Acceso Noroeste 4 - Entre Mzas. 45 a 52","2562"
"Calle 2559","Acceso Noroeste 4 - Entre Mzas. 45, 51 y 46, 52","2559"
"Calle 2560","Acceso Noroeste 4 - Noreste Mza. 36","2560"
"Calle 2561","Acceso Noroeste 4 - Noreste Mzas. 33 a 38","2561"
"Calle 2563","Acceso Noroeste 4 - Noroeste Mza. 45","2563"
"Calle 2564","Acceso Noroeste 4 - Sur Mzas. 51 y 52","2564"
"Ángel Escudero","Acceso Sur","459"
"Antonio Cura","Acceso Sur","462"
"Esteban Landa","Acceso Sur","465"
"Francisco Fernández","Acceso Sur","460"
"Harrington Fillmore","Acceso Sur","464"
"José Weber","Acceso Sur","467"
"Juan Pessolano","Acceso Sur","466"
"Martín M. Venter","Acceso Sur","230"
"Pedro a. Barros Seeber","Acceso Sur","458"
"Rogelio Riera","Acceso Sur","461"
"Calle 1385","Acceso Sur - Chacras ""sur""","1385"
"AVENIDA 0825","Acceso Sur - Cordon Forestal","825"
"Calle 0894","Acceso Sur - Entre Frac. G y Parc. 26","894"
"Calle 0980","Acceso Sur - Entre Fracción a y Parcela 31","980"
"Calle 1346","Acceso Sur - Entre Lotes 7 y 6 (parcelas 38 y 37 - Pcia.)","1346"
"AVENIDA 0979","Acceso Sur - Entre Macizo 151 y Fracción 21","979"
"Calle 0901","Acceso Sur - Entre Mza. 30 y Parcela 38","901"
"Calle 0999","Acceso Sur - Entre Mza. 750 y Parcela 24","999"
"Calle 1370","Acceso Sur - Entre Mzas 154 a 160","1370"
"Calle 1371","Acceso Sur - Entre Mzas 154 y 155","1371"
"Calle 1369","Acceso Sur - Entre Mzas 154 y 158","1369"
"Calle 1368","Acceso Sur - Entre Mzas 158 y 159","1368"
"Calle 1344","Acceso Sur - Entre Mzas. 15 y 18 (pcia.)","1344"
"Calle 0904","Acceso Sur - Entre Mzas. 19 y 17","904"
"Calle 3493","Acceso Sur - Entre Parcelas 134 a 141","3493"
"Calle 1372","Acceso Sur - Entre Parcelas 20 y 21","1372"
"Calle 1347","Acceso Sur - Entre Parcelas 74, 92, 67 y 72","1347"
"Calle 3366","Acceso Sur - Entre Parcelas 93, 74 y 71","3366"
"Calle 0755","Acceso Sur - Este Fracción B y Parc. 33","755"
"Calle 3501","Acceso Sur - Fracción 14","3501"
"Calle 3502","Acceso Sur - Fracción 14","3502"
"Calle 3503","Acceso Sur - Fracción 14","3503"
"Calle 3504","Acceso Sur - Fracción 14","3504"
"Calle 3505","Acceso Sur - Fracción 14","3505"
"Calle 3506","Acceso Sur - Fracción 14","3506"
"Calle 3507","Acceso Sur - Fracción 14","3507"
"Calle 3508","Acceso Sur - Fracción 14","3508"
"Calle 3522","Acceso Sur - Fracción 14","3522"
"Calle 3533","Acceso Sur - Fracción 14","3533"
"Calle 3534","Acceso Sur - Fracción 14","3534"
"Calle 3535","Acceso Sur - Fracción 14","3535"
"Calle 3536","Acceso Sur - Fracción 14","3536"
"Calle 3537","Acceso Sur - Fracción 14","3537"
"Calle 3538","Acceso Sur - Fracción 14","3538"
"Calle 3539","Acceso Sur - Fracción 14","3539"
"Calle 3540","Acceso Sur - Fracción 14","3540"
"Calle 3541","Acceso Sur - Fracción 14","3541"
"Calle 3542","Acceso Sur - Fracción 14","3542"
"Calle 3543","Acceso Sur - Fracción 14","3543"
"Calle 3544","Acceso Sur - Fracción 14","3544"
"Calle 3545","Acceso Sur - Fracción 14","3545"
"Calle 3546","Acceso Sur - Fracción 14","3546"
"Calle 3547","Acceso Sur - Fracción 14","3547"
"Calle 3518","Acceso Sur - Fracción 15","3518"
"Calle 3523","Acceso Sur - Fracción 15","3523"
"Calle 3524","Acceso Sur - Fracción 15","3524"
"Calle 3525","Acceso Sur - Fracción 15","3525"
"Calle 3527","Acceso Sur - Fracción 15","3527"
"Calle 3528","Acceso Sur - Fracción 15","3528"
"Calle 3529","Acceso Sur - Fracción 15","3529"
"Calle 3530","Acceso Sur - Fracción 15","3530"
"Calle 3531","Acceso Sur - Fracción 15","3531"
"Calle 3532","Acceso Sur - Fracción 15","3532"
"Calle 3548","Acceso Sur - Fracción 15","3548"
"Calle 3549","Acceso Sur - Fracción 15","3549"
"Calle 3550","Acceso Sur - Fracción 15","3550"
"Calle 3551","Acceso Sur - Fracción 15","3551"
"Calle 3552","Acceso Sur - Fracción 15","3552"
"Calle 3553","Acceso Sur - Fracción 15","3553"
"Calle 3554","Acceso Sur - Fracción 15","3554"
"Calle 3555","Acceso Sur - Fracción 15","3555"
"Calle 3509","Acceso Sur - Fracciones 14 y 15","3509"
"Calle 3510","Acceso Sur - Fracciones 14 y 15","3510"
"Calle 3511","Acceso Sur - Fracciones 14 y 15","3511"
"Calle 3512","Acceso Sur - Fracciones 14 y 15","3512"
"Calle 3513","Acceso Sur - Fracciones 14 y 15","3513"
"Calle 3514","Acceso Sur - Fracciones 14 y 15","3514"
"Calle 3515","Acceso Sur - Fracciones 14 y 15","3515"
"Calle 3517","Acceso Sur - Fracciones 14 y 15","3517"
"Calle 3519","Acceso Sur - Fracciones 14 y 15","3519"
"Calle 3521","Acceso Sur - Fracciones 14 y 15","3521"
"Calle 3526","Acceso Sur - Fracciones 14 y 15","3526"
"Calle 3516","Acceso Sur - Fracciones 15","3516"
"Calle 3520","Acceso Sur - Fracciones 15","3520"
"Calle 0978","Acceso Sur - Macizo 151","978"
"Calle 0815","Acceso Sur - Norte Fracción G","815"
"Calle 0905","Acceso Sur - Norte Mza. 17","905"
"Calle 0762","Acceso Sur - Oeste Mza. 15","762"
"AVENIDA 1367","Acceso Sur - Oeste Mzas 152 a 160","1367"
"Calle 1360","Acceso Sur - Oeste Parcela 74","1360"
"Alberto Cipriano Suboficial Ppal. Sánchez","ARA San Juan","3032"
"Alejandro D. Tte.de Corbeta Tagliapetra","ARA San Juan","3028"
"Cabo Ppal. Hugo Dante César Aramayo","ARA San Juan","3050"
"Cabo Primero Aníbal Tolaba","ARA San Juan","3054"
"Cabo Principal Cristian David Ibáñez","ARA San Juan","3046"
"Cabo Principal Enrique Damian Castillo","ARA San Juan","3055"
"Cabo Principal Fernando Gabriel Santilli","ARA San Juan","3053"
"Cabo Principal Franco Javier Espinoza","ARA San Juan","3048"
"Cabo Principal Jorge Eduardo Valdez","ARA San Juan","3045"
"Cabo Principal Jorge Isabelino Ortiz","ARA San Juan","3049"
"Cabo Principal Luis Esteban García","ARA San Juan","3051"
"Cabo Principal Mario Armando Toconas","ARA San Juan","3047"
"Cabo Principal Sergio Antonio Cuellar","ARA San Juan","3052"
"Cayetano Hipólito Subof. Primero Vargas","ARA San Juan","3036"
"Celso Oscar Suboficial Segundo Vallejos","ARA San Juan","3038"
"Daniel Adrian Suboficial Seg. Fernández","ARA San Juan","3042"
"Fernando Vicente Cap. de Corbe Villarreal","ARA San Juan","3029"
"Hernan Ramón Subof. Primero Rodríguez","ARA San Juan","3034"
"Hugo Arnaldo Suboficial Segund Herrera","ARA San Juan","3039"
"Javier Alejandro Subof. Ppal. Gallardo","ARA San Juan","3031"
"Jorge Ariel Suboficial Segundo Monzon","ARA San Juan","3044"
"Luis Marcelo Suboficial Primero Leiva","ARA San Juan","3043"
"Renzo David Martín Tte. de Navio Silva","ARA San Juan","3026"
"Ricardo Gabriel Sub.s. Alfaro Rodríguez","ARA San Juan","3041"
"Roberto Daniel Suboficial Primero Medina","ARA San Juan","3037"
"Teniente de Fragata Jorge Luis Mealla","ARA San Juan","3027"
"Teniente de Navio Adrian Zunda Meoqui","ARA San Juan","3024"
"Teniente de Navio Diego Manuel Wagner","ARA San Juan","3021"
"Teniente de Navio Eliana Maria Krawczyk","ARA San Juan","3025"
"Teniente de Navio Fernando Ariel Mendoza","ARA San Juan","3023"
"Teniente de Navio Víctor Andrés Maroli","ARA San Juan","3022"
"Víctor Hugo Suboficial Primero Coronel","ARA San Juan","3035"
"Víctor Marcelo Suboficial Seg. Enriquez","ARA San Juan","3040"
"Walter German Suboficial Primero Real","ARA San Juan","3033"
"Jorge Ignacio Cap. de Corbeta Bergallo","ARA San Juan - Chacras","3030"
"Calle 1945","ARA San Juan - Entre Mzas. 108 a 111 y Norte Mzas. 261 a 266","1945"
"Calle 1948","ARA San Juan - Entre Mzas. 110 y 109","1948"
"Calle 1947","ARA San Juan - Entre Mzas. 112 y 113","1947"
"Calle 1944","ARA San Juan - Entre Mzas. 113 y 111","1944"
"Calle 1954","ARA San Juan - Entre Mzas. 261 y 262","1954"
"Calle 1999","ARA San Juan - Entre Mzas. 263 y 267","1999"
"Calle 1951","ARA San Juan - Entre Mzas. 264 y 265","1951"
"Calle 1952","ARA San Juan - Entre Mzas. 265 y 266","1952"
"Calle 1953","ARA San Juan - Entre Mzas. 266 y 261","1953"
"Calle 3069","ARA San Juan - Entre Mzas. 289 y 290","3069"
"Calle 3068","ARA San Juan - Entre Mzas. 290 y 291","3068"
"Calle 3067","ARA San Juan - Entre Mzas. 291 a 294","3067"
"Calle 3066","ARA San Juan - Entre Mzas. 294 y 293","3066"
"Calle 3065","ARA San Juan - Entre Mzas. 295 y 294","3065"
"Calle 3087","ARA San Juan - Entre Mzas. 296 y 302","3087"
"Calle 3492","ARA San Juan - Entre Mzas. 303, 304, 308 y 306","3492"
"Calle 1955","ARA San Juan - Este Mza. 262","1955"
"Calle 1946","ARA San Juan - Este Mzas. 113 y 111","1946"
"Calle 1996","ARA San Juan - Este Mzas. 312 y 313","1996"
"Pedro Martín Cap. de Fragata Fernández","ARA San Juan - Gasoducto","3020"
"Calle 1949","ARA San Juan - Oeste Mza. 109","1949"
"Calle 1950","ARA San Juan - Oeste Mza. 264","1950"
"Calle 1997","ARA San Juan - Sudeste Mza. 306","1997"
"Calle 1956","ARA San Juan - Sudeste Mzas. 261 y 262","1956"
"Calle 1943","ARA San Juan - Sur Mzas. 112 y 113","1943"
"Carlos a. de la Barrera","Astra","3312"
"Carlos Agote","Astra","3302"
"Carlos Casares","Astra","3311"
"Carlos García","Astra","3307"
"Doctor Orestes Riccardi","Astra","3313"
"Doctor Ricardo Grüneisen","Astra","3301"
"Domingo Foglino","Astra","3316"
"Feliciano Balbuena","Astra","3319"
"Fermín Cumilaf","Astra","3320"
"Ingeniero Momad Wallen","Astra","3314"
"Ingeniero Ricardo Singer","Astra","3306"
"Isaias Miguel","Astra","3303"
"José Fueyo","Astra","3304"
"Martín Nagain","Astra","3315"
"Parque Obreros Astra","Astra","3308"
"Pedro Kalpactchieff","Astra","3310"
"Pioneras Astrenses","Astra","3321"
"Salvador Rodrigues","Astra","3317"
"Simón Sawino","Astra","3309"
"Vicente Gallo","Astra","3305"
"Calle 3322","Astra - Entre Mza. 2 y Mzo. 46","3322"
"Calle 3371","Astra - Entre Mza. 9","3371"
"Calle 3373","Astra - Entre Mzas. 10 y 11","3373"
"Calle 3318","Astra - Entre Mzas. 21 y 27","3318"
"Calle 3370","Astra - Entre Mzas. 6 y 7","3370"
"Calle 3372","Astra - Entre Mzas. 9 y 10","3372"
"Calle 3331","Astra - Este Parcela 12","3331"
"Calle 3329","Astra - Noreste Parcela 12","3329"
"Calle 3328","Astra - Norte Fracción 63 y Parcela 12","3328"
"Calle 3333","Astra - Norte Fracción C (mza. 25 - Pcia.)","3333"
"Calle 3332","Astra - Sudeste Parcela 10 y Mza. 18","3332"
"Calle 3334","Astra - Sudoeste Parcela 9","3334"
"Calle 3330","Astra - Sur Parcela 12","3330"
"20 de Octubre","Balcón del Paraiso","591"
"Padre Juan Enne Misionero Salesiano","Balcón del Paraiso","590"
"Pasaje 0834","Balcón del Paraiso","834"
"Pasaje 0592","Balcón del Paraiso - Entre Mza. 4 y 5","592"
"Pasaje 0593","Balcón del Paraiso - Mza. 6","593"
"Espino Negro","Bella Vista Oeste","3325"
"Matamora","Bella Vista Oeste","3500"
"Murtilla","Bella Vista Oeste","3326"
"Ortiga Blanca","Bella Vista Oeste","3498"
"Piquillin","Bella Vista Oeste","3499"
"Siempreverde","Bella Vista Oeste","3323"
"Yareta","Bella Vista Oeste","3324"
"Guillermo Abril","Bella Vista Oeste - Chacras - ""círculo de Caza Mayor""","3441"
"Alicia Isabel Gutiérrez","Bella Vista Sur","3106"
"Ambrosio Vera","Bella Vista Sur","3102"
"Aymé Paine","Bella Vista Sur","3259"
"Cacique Maria la Grande","Bella Vista Sur","3244"
"Calle 1387","Bella Vista Sur","1387"
"Calle 1388","Bella Vista Sur","1388"
"Calle 1389","Bella Vista Sur","1389"
"Calle 1390","Bella Vista Sur","1390"
"Calle 1391","Bella Vista Sur","1391"
"Calle 1392","Bella Vista Sur","1392"
"Calle 1393","Bella Vista Sur","1393"
"Calle 1394","Bella Vista Sur","1394"
"Calle 1395","Bella Vista Sur","1395"
"Calle 1396","Bella Vista Sur","1396"
"Calle 1397","Bella Vista Sur","1397"
"Calle 1398","Bella Vista Sur","1398"
"Calle 1399","Bella Vista Sur","1399"
"Calle 1400","Bella Vista Sur","1400"
"Carolina Muzilli","Bella Vista Sur","3249"
"Casimiro Cacique Bigua","Bella Vista Sur","3240"
"Cecilia Grierson","Bella Vista Sur","3260"
"Celia Tapias","Bella Vista Sur","3349"
"César Milstein","Bella Vista Sur","3299"
"Daniel Marcelo Astudillo Valdes","Bella Vista Sur","3262"
"Doctor Esteban Laureano Maradona","Bella Vista Sur","3256"
"Doctor Rene Geronimo Favaloro","Bella Vista Sur","3245"
"Élida Passo","Bella Vista Sur","3348"
"Emma Pérez Ferreira","Bella Vista Sur","3497"
"Ernesto ""Che"" Guevara","Bella Vista Sur","3251"
"Ernesto Sábato","Bella Vista Sur","3298"
"Facundo Cabral","Bella Vista Sur","3241"
"Fructuoso Quiroga","Bella Vista Sur","3105"
"Ingeniero Osvaldo Mosconi","Bella Vista Sur","3243"
"Jacobo Haag","Bella Vista Sur","3107"
"José Leonardo Trevisan","Bella Vista Sur","3103"
"José Onofre Alvarado Pérez","Bella Vista Sur","3360"
"Juan Martín Van Wyk","Bella Vista Sur","3104"
"Juana Gabriela Moro","Bella Vista Sur","3247"
"Julieta Lanteri","Bella Vista Sur","3246"
"Julio Antieco","Bella Vista Sur","3257"
"Lago Otron","Bella Vista Sur","3239"
"Luis Alberto Spinetta","Bella Vista Sur","3258"
"Maria Loreto Sánchez Peon","Bella Vista Sur","3248"
"Maria Magdalena Güemes","Bella Vista Sur","3254"
"Maria Remedios del Valle","Bella Vista Sur","3255"
"Mercedes Sosa","Bella Vista Sur","3242"
"Modesto Cacique Inacayal","Bella Vista Sur","3252"
"Nicolás F. Chacoma","Bella Vista Sur","3108"
"Petrona Eyle","Bella Vista Sur","3496"
"Prosefina Coombes","Bella Vista Sur","3261"
"Raquel Camaña","Bella Vista Sur","3253"
"Rodolfo Jorge Walsh","Bella Vista Sur","3250"
"Sara Rietti","Bella Vista Sur","3361"
"Sargento Isaac Jones","Bella Vista Sur","3101"
"Tita Merello","Bella Vista Sur","3300"
"23 de Febrero","Bella Vista Sur - El Atardecer - Chacras","3263"
"Calle 3393","Bella Vista Sur - Entre las Mzas. 234 y 235","3393"
"Calle 3327","Bella Vista Sur - Entre Mza. 76 y Mzo. 37","3327"
"Calle 3347","Bella Vista Sur - Entre Mzos. 156 y 157","3347"
"Calle 1383","Bella Vista Sur - Macizo 4","1383"
"Del Mirador","Caleta Córdova","2705"
"Del Puerto","Caleta Córdova","2706"
"El Ancla","Caleta Córdova","2720"
"El Faro","Caleta Córdova","2710"
"El Golfo","Caleta Córdova","2719"
"El Triunfador","Caleta Córdova","2724"
"Enrique Cancio","Caleta Córdova","2716"
"Enrique García","Caleta Córdova","2704"
"Estrella de Mar","Caleta Córdova","2723"
"Fermín Legaz","Caleta Córdova","2715"
"Francisco Antonio","Caleta Córdova","2714"
"José Antonio Mato","Caleta Córdova","2717"
"José Luis Urrustarazu","Caleta Córdova","2725"
"Julio Villa","Caleta Córdova","2702"
"Las Barcazas","Caleta Córdova","2711"
"Los Marineros","Caleta Córdova","2712"
"Los Pescadores","Caleta Córdova","2701"
"Pasaje Los Estibadores","Caleta Córdova","2713"
"Punta Novales","Caleta Córdova","2703"
"Punta Pando","Caleta Córdova","2721"
"Roberto Julio","Caleta Córdova","2718"
"Rosario Gianotta","Caleta Córdova","2709"
"Supremacía","Caleta Córdova","2722"
"Teresa Arroyo de Ángel","Caleta Córdova","2707"
"Calle 2726","Caleta Córdova - Entre Mzas. 16 y 20","2726"
"Calle 2730","Caleta Córdova - Entre Mzas. 28 y 29 - Plan de Viviendas","2730"
"Calle 2731","Caleta Córdova - Entre Mzas. 30 y 29 - Plan de Viviendas","2731"
"Calle 2728","Caleta Córdova - Fracción 3","2728"
"Calle 2733","Caleta Córdova - Fracción 3","2733"
"Calle 2729","Caleta Córdova - Norte Mza. 28 - Plan de Viviendas","2729"
"Calle 2708","Caleta Córdova - Norte Mza. 29","2708"
"Calle 2734","Caleta Córdova - Oeste Mza. 19","2734"
"Calle 2727","Caleta Córdova - Oeste Mza. 30","2727"
"Calle 2735","Caleta Córdova - Oeste Mza. 30","2735"
"Calle 2736","Caleta Córdova - Oeste Mza. 30","2736"
"Calle 2737","Caleta Córdova - Oeste Mza. 30","2737"
"Calle 2738","Caleta Córdova - Oeste Mza. 30","2738"
"Calle 2732","Caleta Córdova - Sudoeste Mza. 19","2732"
"Gobernador Roque González","Camino Alternativo Oeste - Saavedra - Gdor. R González","814"
"Calle 3396","Canchas ""frente a 4 Canchas"" - Entre Mzas. 111 y 112","3396"
"Mario Alberto Blassetti","Juan José Castelli","2926"
"Rosalia Eulalia Guaita","Juan José Castelli","2925"
"10 de Junio","Ceferino Namuncurá","180"
"30 de Octubre","Ceferino Namuncurá","216"
"Almafuerte","Ceferino Namuncurá","209"
"Benito Lynch","Ceferino Namuncurá","175"
"Calafate","Ceferino Namuncurá","184"
"Capitan Giachino","Ceferino Namuncurá","196"
"Don Segundo Sombra","Ceferino Namuncurá","188"
"Facundo","Ceferino Namuncurá","198"
"Florencio Sánchez","Ceferino Namuncurá","214"
"Florencio Varela","Ceferino Namuncurá","185"
"Gregorio de Laferrere","Ceferino Namuncurá","213"
"Huacalera","Ceferino Namuncurá","206"
"Jesus Marcial","Ceferino Namuncurá","194"
"Juan Moreira","Ceferino Namuncurá","186"
"Juan Zamora","Ceferino Namuncurá","210"
"Juvenilia","Ceferino Namuncurá","176"
"La Cautiva","Ceferino Namuncurá","197"
"Las de Barranco","Ceferino Namuncurá","203"
"Martín Fierro","Ceferino Namuncurá","190"
"Miguel de Unamuno","Ceferino Namuncurá","182"
"Olegario Andrade","Ceferino Namuncurá","191"
"Onas","Ceferino Namuncurá","200"
"Oran","Ceferino Namuncurá","205"
"Oscar Millapi","Ceferino Namuncurá","195"
"Oscar Wilde","Ceferino Namuncurá","208"
"Pasaje Ceferino Namuncurá","Ceferino Namuncurá","538"
"Pasaje Constitución","Ceferino Namuncurá","178"
"Pasaje Evita","Ceferino Namuncurá","193"
"Pasaje Jacinto Benavente","Ceferino Namuncurá","179"
"Pasaje Los Cipreses","Ceferino Namuncurá","183"
"Pasaje Los Eucaliptus","Ceferino Namuncurá","177"
"Pasaje Luis de Tejeda","Ceferino Namuncurá","215"
"Pasaje Mario Almonacid","Ceferino Namuncurá","202"
"Posta del Yatasto","Ceferino Namuncurá","211"
"Rafael Obligado","Ceferino Namuncurá","204"
"Roberto Artl","Ceferino Namuncurá","207"
"Socompa","Ceferino Namuncurá","187"
"Soldado Mario Almonacid","Ceferino Namuncurá","87"
"Tabaré","Ceferino Namuncurá","189"
"Tilcara","Ceferino Namuncurá","181"
"Turcovich","Ceferino Namuncurá","212"
"Curupaití","Ceferino Namuncurá - 13 de Diciembre - 9 de Julio","201"
"Avenida 10 de Noviembre","Ceferino Namuncurá - Dr. Quirno Costa - San Cayetano","192"
"Ituzaingó","Ceferino Namuncurá - Jorge Newbery","123"
"Pasaje 0706","Ceferino Namuncurá - Mza. 831","706"
"Pasaje Peatonal 0627","Ceferino Namuncurá - Mza. 884-b","627"
"Agueda Martín","Centenario","3010"
"Colonos Alemanes","Centenario","3002"
"Colonos Austriacos","Centenario","3013"
"Colonos Boers","Centenario","3011"
"Colonos Checoslovacos","Centenario","3004"
"Colonos Franceses","Centenario","3015"
"Colonos Griegos","Centenario","3008"
"Colonos Holandeses","Centenario","3001"
"Colonos Irlandeses","Centenario","3005"
"Colonos Israelitas","Centenario","3009"
"Colonos Polacos","Centenario","3012"
"Colonos Rumanos","Centenario","3006"
"Colonos Sefardies","Centenario","3007"
"Colonos Serbios","Centenario","3016"
"Colonos Suizos","Centenario","3003"
"Colonos Ucranianos","Centenario","3014"
"Doctor Fasola","Centenario","3017"
"Margarita Foyel","Centenario","3090"
"Pedro Ricardo Díaz","Centenario","3471"
"Calle 3369","Centenario - Entre Mzas. 38 y 307","3369"
"Pasaje 3189","Centenario - Mzo. 3, Ex-fracción Q","3189"
"Calle 3495","Centenario - Oeste Mza. 287","3495"
"Calle 3088","Centenario - Sector ""casa del Té""","3088"
"Calle 3089","Centenario - Sector ""casa del Té""","3089"
"Calle 3091","Centenario - Sector ""casa del Té""","3091"
"Calle 3092","Centenario - Sector ""casa del Té""","3092"
"Calle 3358","Centenario - Sudeste Mza. 8 (pcia.)","3358"
"Calle 3007","Centenario - Sur Mza. 307","3007"
"9 de Julio","Centro","4"
"Almirante Brown","Centro","46"
"Aristóbulo del Valle","Centro","40"
"Atanasio Tcharian","Centro","801"
"Belchior","Centro","47"
"Cardenal Cagliero","Centro","23"
"Carlos Pellegrini","Centro","5"
"Ceferino Namuncurá","Centro","26"
"Celestina Iparraguirre de Escribano","Centro","900"
"Chacabuco","Centro","14"
"Cruce de los Andes","Centro","15"
"Dalmacio Vélez Sarsfield","Centro","42"
"Doctor Federico Escalada","Centro","37"
"Doctor Roberto Luis Scocco","Centro","617"
"Domingo Ramón Miranda","Centro","813"
"España","Centro","9"
"Exequiel Ramos Mejia","Centro","28"
"Feliciano Chiclana","Centro","838"
"Fontana","Centro","36"
"Francia","Centro","13"
"Hernán Cortés","Centro","454"
"Hipólito Bouchard","Centro","41"
"Inmigrantes Gallegos","Centro","49"
"Italia","Centro","11"
"José Pereira Mendonca","Centro","781"
"Juan Martín de Güemes","Centro","2"
"Juan Sebastián Elcano","Centro","22"
"Juaquin Don Saiz Escagedo","Centro","795"
"Justo José de Urquiza","Centro","17"
"Luis Marchiori","Centro","35"
"Maipú","Centro","43"
"Manuel Dorrego","Centro","45"
"Mariano Moreno","Centro","3"
"Máximo Abasolo","Centro","1"
"Necochea","Centro","39"
"Pasaje Altuna","Centro","10"
"Pasaje Antonio Valeriev","Centro","787"
"Pasaje Argentino","Centro","635"
"Pasaje Batalla","Centro","525"
"Pasaje Castro","Centro","64"
"Pasaje Cooperativa","Centro","62"
"Pasaje Fournier","Centro","55"
"Pasaje German San Pedro","Centro","799"
"Pasaje Gil Álvarez","Centro","52"
"Pasaje Gorchs","Centro","58"
"Pasaje Henning","Centro","16"
"Pasaje Hernandarias","Centro","25"
"Pasaje Ibarguren","Centro","66"
"Pasaje Jaime Kasankevich","Centro","766"
"Pasaje José Pires","Centro","808"
"Pasaje Larrea","Centro","636"
"Pasaje Nieburg","Centro","12"
"Pasaje Patagonia","Centro","54"
"Pasaje Rincon","Centro","68"
"Pasaje Roqueta","Centro","18"
"Pasaje San Luis","Centro","60"
"Pasaje Sargento Cabral","Centro","20"
"Pasaje Travaglini","Centro","65"
"Pasaje Valdivia","Centro","61"
"Pasaje Venter","Centro","57"
"Paseo Rocambole Haedo","Centro","44"
"Ramón Lista","Centro","34"
"Rawson","Centro","48"
"Rufino Riera","Centro","50"
"San Carlos","Centro","30"
"San Gabriel de Arcangel","Centro","531"
"Sebastián Gaboto","Centro","38"
"Luis Mora Profesor Mora","Centro - "" Costanera ""","809"
"Roberto Hilario Mujica","Centro - "" Costanera ""","457"
"13 de Diciembre","Centro - 13 de Diciembre - Jorge Newbery","32"
"Juan B. Justo","Centro - 9 de Julio - Humberto Beghin","31"
"25 de Mayo","Centro - Centro Civico General Solari","6"
"Bartolomé Mitre","Centro - Centro Civico General Solari","7"
"Manuel Belgrano","Centro - Centro Civico General Solari","8"
"Florentino Ameghino","Centro - Jorge Newbery - 9 de Julio","51"
"Pasaje 0767","Centro - Mza. 10","767"
"Pasaje 0768","Centro - Mza. 16 Bis","768"
"Pasaje 0769","Centro - Mza. 16 Bis","769"
"Pasaje 0770","Centro - Mza. 20","770"
"Pasaje 0771","Centro - Mza. 21","771"
"Pasaje Peatonal 0835","Centro - Mza. 211","835"
"Pasaje 0772","Centro - Mza. 23","772"
"Pasaje 0773","Centro - Mza. 29","773"
"Pasaje 0774","Centro - Mza. 30","774"
"Pasaje 0775","Centro - Mza. 34","775"
"Pasaje 0776","Centro - Mza. 37 Bis","776"
"Pasaje 0778","Centro - Mza. 38","778"
"Pasaje 0779","Centro - Mza. 38 Bis","779"
"Pasaje 0780","Centro - Mza. 38 Bis","780"
"Pasaje 0782","Centro - Mza. 41","782"
"Pasaje 0783","Centro - Mza. 42","783"
"Pasaje 0784","Centro - Mza. 42","784"
"Pasaje 0785","Centro - Mza. 46","785"
"Pasaje 0786","Centro - Mza. 46","786"
"Pasaje 0806","Centro - Mza. 47 (pcia.)","806"
"Pasaje 0788","Centro - Mza. 50","788"
"Pasaje 0789","Centro - Mza. 51","789"
"Pasaje 0790","Centro - Mza. 51 Bis","790"
"Pasaje 0791","Centro - Mza. 51 Bis","791"
"Pasaje 0792","Centro - Mza. 52","792"
"Pasaje 0793","Centro - Mza. 52 Bis","793"
"Pasaje 0794","Centro - Mza. 53","794"
"Pasaje 0796","Centro - Mza. 59","796"
"Pasaje 0777","Centro - Mza. 63","777"
"Pasaje 0836","Centro - Mza. 63","836"
"Pasaje 0797","Centro - Mza. 67","797"
"Pasaje 0798","Centro - Mza. 71","798"
"Pasaje 0800","Centro - Mza. 80","800"
"Pasaje 0802","Centro - Mza. 82","802"
"Pasaje 0803","Centro - Mza. 86","803"
"Pasaje 0804","Centro - Mza. 90","804"
"Pasaje 0805","Centro - Mza. 94","805"
"Carlos M. de Alvear","Centro - Pietrobelli","24"
"Cornelio de Saavedra","Centro - Pietrobelli","21"
"Leandro Alem","Centro - Pietrobelli","27"
"Viamonte","Centro - Pietrobelli","29"
"Avenida Valentín Alsina","Centro - Pietrobelli - Balcón del Paraiso","19"
"2 de Abril","Centro Cívico General Solari","224"
"Ángel Santiago Perfumo","Centro Cívico General Solari","908"
"Ani Grane","Centro Cívico General Solari","229"
"Bahía Bustamante","Centro Cívico General Solari","228"
"Clara Mizrahi","Centro Cívico General Solari","654"
"Croacia","Centro Cívico General Solari","217"
"Daniel Candel Profesor López","Centro Cívico General Solari","220"
"Democracia","Centro Cívico General Solari","218"
"Federico Carstens","Centro Cívico General Solari","222"
"Francina Profesora Girardez","Centro Cívico General Solari","225"
"Grecia","Centro Cívico General Solari","226"
"Ingeniero Enrique Ducos","Centro Cívico General Solari","223"
"Juan García Fernández","Centro Cívico General Solari","219"
"Punta Piedras","Centro Cívico General Solari","221"
"Roque Sáenz Peña","Centro Cívico General Solari","227"
"Pasaje 0994","Centro Cívico General Solari - Mza. 4 (ex 59c)","994"
"Calle 0862","Centro Cívico General Solari - Sudoeste Mza. 61-a","862"
"Sara Andreoli","Chacras - "" Bella Vista Norte ""","3159"
"Calle 3120","Chacras - "" Bella Vista Norte "" - Entre Fracción 17 y Mzo. 3","3120"
"Calle 3166","Chacras - "" Bella Vista Norte "" - Entre Fracción 3 y Mza. 35","3166"
"Calle 3167","Chacras - "" Bella Vista Norte "" - Entre Fracciones 5 y 6","3167"
"Calle 3164","Chacras - "" Bella Vista Norte "" - Entre Fracciones 8 y 18","3164"
"Calle 3231","Chacras - "" Bella Vista Norte "" - Entre Mza. 11 y Mza. 42","3231"
"Calle 3165","Chacras - "" Bella Vista Norte "" - Entre Mzo. 3 y Mza. 35","3165"
"Calle 3122","Chacras - "" Bella Vista Norte "" - Entre Mzo. 3 y Mzo. 47","3122"
"Calle 3123","Chacras - "" Bella Vista Norte "" - Entre Mzo. 3 y Mzo. 47","3123"
"Calle 3162","Chacras - "" Bella Vista Norte "" - Entre Mzos. 4 y 6","3162"
"Calle 3121","Chacras - "" Bella Vista Norte "" - Macizo 3","3121"
"Calle 3417","Chacras - "" Bella Vista Norte "" - Noreste Mza. 40","3417"
"Calle 3289","Chacras - "" Bella Vista Norte "" - Norte Mzo. 2","3289"
"Calle 3478","Chacras - "" Bella Vista Norte "" - Sudeste Mza. 42","3478"
"Calle 3160","Chacras - "" Bella Vista Norte "" - Sur Fracción 10","3160"
"Calle 3163","Chacras - "" Bella Vista Norte "" - Sur Mzo. 4","3163"
"Calle 3161","Chacras - "" Bella Vista Norte "" - Sur Mzo. 6","3161"
"Calle 3479","Chacras - "" Bella Vista Norte "" - Sur Parcela 22","3479"
"Calle 3168","Chacras - "" Bella Vista Norte "" - Zona sin Mensura","3168"
"Calle 3169","Chacras - "" Bella Vista Norte "" - Zona sin Mensura","3169"
"Calle 3170","Chacras - "" Bella Vista Norte "" - Zona sin Mensura","3170"
"Calle 3264","Chacras - "" Cañadones la Francesa y las Leñas ""","3264"
"Calle 3265","Chacras - "" Cañadones la Francesa y las Leñas ""","3265"
"Calle 3266","Chacras - "" Cañadones la Francesa y las Leñas ""","3266"
"Calle 3267","Chacras - "" Cañadones la Francesa y las Leñas ""","3267"
"Calle 3268","Chacras - "" Cañadones la Francesa y las Leñas ""","3268"
"Calle 3269","Chacras - "" Cañadones la Francesa y las Leñas ""","3269"
"Calle 3270","Chacras - "" Cañadones la Francesa y las Leñas ""","3270"
"Calle 3271","Chacras - "" Cañadones la Francesa y las Leñas ""","3271"
"Calle 3272","Chacras - "" Colla y Linderos al Este ""","3272"
"Calle 3273","Chacras - "" Colla y Linderos al Este ""","3273"
"Calle 3274","Chacras - "" Colla y Linderos al Este ""","3274"
"Calle 3297","Chacras - "" Feijoo "" - Entre Mzas. 112 a 115 y Parcela 129","3297"
"Calle 3296","Chacras - "" Feijoo "" - Entre Mzas. 112 y 116","3296"
"Calle 3292","Chacras - "" Feijoo "" - Entre Mzas. 113 y 112","3292"
"Calle 3293","Chacras - "" Feijoo "" - Entre Mzas. 113, 116 y Lotes 13 y 14","3293"
"Calle 3291","Chacras - "" Feijoo "" - Entre Mzas. 114 y 113","3291"
"Calle 3290","Chacras - "" Feijoo "" - Entre Mzas. 115 y 114","3290"
"Calle 3295","Chacras - "" Feijoo "" - Entre Mzas. 116 y 120","3295"
"Calle 3294","Chacras - "" Feijoo "" - Entre Mzas. 120 a 123 y Lote 10","3294"
"Calle 2240","Chacras - ""ampliación Urbana - Planicie del Cerro""","2240"
"Calle 2241","Chacras - ""ampliación Urbana - Planicie del Cerro""","2241"
"Calle 2242","Chacras - ""ampliación Urbana - Planicie del Cerro""","2242"
"Calle 2243","Chacras - ""ampliación Urbana - Planicie del Cerro""","2243"
"Calle 2244","Chacras - ""ampliación Urbana - Planicie del Cerro""","2244"
"Calle 2245","Chacras - ""ampliación Urbana - Planicie del Cerro""","2245"
"Calle 2246","Chacras - ""ampliación Urbana - Planicie del Cerro""","2246"
"Calle 2247","Chacras - ""ampliación Urbana - Planicie del Cerro""","2247"
"Calle 2248","Chacras - ""ampliación Urbana - Planicie del Cerro""","2248"
"Calle 2249","Chacras - ""ampliación Urbana - Planicie del Cerro""","2249"
"Calle 2250","Chacras - ""ampliación Urbana - Planicie del Cerro""","2250"
"Calle 2251","Chacras - ""ampliación Urbana - Planicie del Cerro""","2251"
"Calle 2252","Chacras - ""ampliación Urbana - Planicie del Cerro""","2252"
"Calle 2253","Chacras - ""ampliación Urbana - Planicie del Cerro""","2253"
"Calle 2254","Chacras - ""ampliación Urbana - Planicie del Cerro""","2254"
"Calle 2255","Chacras - ""ampliación Urbana - Planicie del Cerro""","2255"
"Calle 3485","Chacras - ""bella Vista Norte"" - Norte Mzo 4","3485"
"Calle 2786","Chacras - ""km 18"" - Entre Mzos. 173 y 174","2786"
"Calle 2787","Chacras - ""km 18"" - Este Mzo. 174","2787"
"Calle 2788","Chacras - ""km 18"" - Norte Mzos. 173 y 174","2788"
"Calle 2784","Chacras - ""km 18"" - Sudeste Mzos. 173 y 174","2784"
"Calle 2785","Chacras - ""km 18"" - Sur Mzo. 173","2785"
"Calle 2783","Chacras - ""km 18"" - Sur Mzo. 174","2783"
"Calle 3351","Chacras - ""los Tres Pinos"" - Entre Parcelas 24 a 26","3351"
"Calle 3336","Chacras - ""los Tres Pinos"" - Norte Mzo. 84","3336"
"Calle 3350","Chacras - ""los Tres Pinos"" - Sur Parcelas 26","3350"
"Marcelina Campelo","Chacras - ""Loteo Busnadiego"" - Entre Mzas. 3 y 2","3466"
"Carlos Masquelet","Chacras - ""Loteo Busnadiego"" - Entre Mzas. 3, 4, 6 y 10","3464"
"Doctor Miguel Eslava","Chacras - ""Loteo Busnadiego"" - Entre Mzas. 5 y 7","3467"
"Manuel José de Sagastizabal","Chacras - ""Loteo Busnadiego"" - Entre Mzas. 6 y 10","3469"
"Doctor Manuel Sanguinetti","Chacras - ""Loteo Busnadiego"" - Entre Mzas. 6, 7 y 10","3465"
"Luis Díaz","Chacras - ""Loteo Busnadiego"" - Norte Mza. 3","3468"
"Calle 3454","Chacras - ""Loteo Quistani"" - Entre Mzas. 140 a 143","3454"
"Calle 3460","Chacras - ""Loteo Quistani"" - Entre Mzas. 140 y 141","3460"
"Calle 3453","Chacras - ""Loteo Quistani"" - Entre Mzas. 142 a 146","3453"
"Calle 3456","Chacras - ""Loteo Quistani"" - Entre Mzas. 142 a 150","3456"
"Calle 3457","Chacras - ""Loteo Quistani"" - Entre Mzas. 144, 145 y 147","3457"
"Calle 3452","Chacras - ""Loteo Quistani"" - Entre Mzas. 145 a 148","3452"
"Calle 3451","Chacras - ""Loteo Quistani"" - Entre Mzas. 147 a 150","3451"
"Calle 3455","Chacras - ""Loteo Quistani"" - Este Mzas. 141 a 150","3455"
"Calle 3459","Chacras - ""Loteo Quistani"" - Noroeste Mzas. 140 a 142 y 144","3459"
"Calle 3458","Chacras - ""Loteo Quistani"" - Oeste Mzas. 144 y 149","3458"
"Calle 2863","Chacras - ""Loteo Rbanizar"" - Entre Mzas. 14 y 16 - 15 y 17","2863"
"Calle 2859","Chacras - ""Loteo Urbanizar"" - Entre Mzas. 14 y 15 - 16 y 17","2859"
"Calle 2858","Chacras - ""Loteo Urbanizar"" - Entre Mzas. 14, 16, 20 y Parcela 6","2858"
"Calle 2860","Chacras - ""Loteo Urbanizar"" - Entre Mzas. 17 y 18","2860"
"Calle 2861","Chacras - ""Loteo Urbanizar"" - Entre Mzas. 18, 22 y 23","2861"
"Calle 2862","Chacras - ""Loteo Urbanizar"" - Entre Mzas. 20 a 23 y Parcela 14","2862"
"Calle 2782","Chacras - ""Loteo Urbanizar"" - Entre Mzas. 33 a 42","2782"
"Calle 2781","Chacras - ""Loteo Urbanizar"" - Entre Mzas. 38 a 44","2781"
"Calle 2778","Chacras - ""Loteo Urbanizar"" - Entre Mzas. 39 y 41","2778"
"Calle 2777","Chacras - ""Loteo Urbanizar"" - Entre Mzas. 41 y 43","2777"
"Calle 2776","Chacras - ""Loteo Urbanizar"" - Entre Mzas. 43 y 44","2776"
"Calle 2779","Chacras - ""Loteo Urbanizar"" - Sudeste Mzas. 37 a 39","2779"
"Calle 2780","Chacras - ""Loteo Urbanizar"" - Sudoeste Mzas. 39 a 44","2780"
"Calle 3323","Chacras - ""Loteo Yapura"" - Entre Mzas. 167 a 172","3323"
"Calle 3325","Chacras - ""Loteo Yapura"" - Entre Mzas. 173 y 174","3325"
"Calle 3326","Chacras - ""Loteo Yapura"" - Entre Mzas. 174 y 175","3326"
"Calle 3324","Chacras - ""Loteo Yapura"" - Este Mzas. 168 y 170","3324"
"Calle 2753","Chacras - ""mina Stephenson"" - Ent. Mzos. 2 a 4, 12 a 17 y 18 a 24","2753"
"Calle 2759","Chacras - ""mina Stephenson"" - Entre Mzos. 10 y 11","2759"
"Calle 2754","Chacras - ""mina Stephenson"" - Entre Mzos. 16 y 17","2754"
"Calle 2750","Chacras - ""mina Stephenson"" - Entre Mzos. 22 a 27","2750"
"Calle 2752","Chacras - ""mina Stephenson"" - Entre Mzos. 22 y 23","2752"
"Calle 2764","Chacras - ""mina Stephenson"" - Entre Mzos. 2-3 y 18-19","2764"
"Calle 2751","Chacras - ""mina Stephenson"" - Entre Mzos. 23 y 24","2751"
"Calle 2749","Chacras - ""mina Stephenson"" - Entre Mzos. 25, 26 y 30","2749"
"Calle 2748","Chacras - ""mina Stephenson"" - Entre Mzos. 26, 27 y 28","2748"
"Calle 2746","Chacras - ""mina Stephenson"" - Entre Mzos. 26, 28 y 29","2746"
"Calle 2744","Chacras - ""mina Stephenson"" - Entre Mzos. 27 a 33","2744"
"Calle 2747","Chacras - ""mina Stephenson"" - Entre Mzos. 27 y 28","2747"
"Calle 2745","Chacras - ""mina Stephenson"" - Entre Mzos. 29 y 30","2745"
"Calle 2743","Chacras - ""mina Stephenson"" - Entre Mzos. 29-30 y 32-33","2743"
"Calle 2742","Chacras - ""mina Stephenson"" - Entre Mzos. 32 y 33","2742"
"Calle 2763","Chacras - ""mina Stephenson"" - Entre Mzos. 3-4 y 19-20","2763"
"Calle 2762","Chacras - ""mina Stephenson"" - Entre Mzos. 4, 5, 12 y 20-21","2762"
"Calle 2758","Chacras - ""mina Stephenson"" - Entre Mzos. 5 a 10 y 12 a 17","2758"
"Calle 2757","Chacras - ""mina Stephenson"" - Entre Mzos. 6-8 y 13-14","2757"
"Calle 2756","Chacras - ""mina Stephenson"" - Entre Mzos. 7, 8, 9 y 14-15","2756"
"Calle 2755","Chacras - ""mina Stephenson"" - Entre Mzos. 9-10 y 15-16","2755"
"Calle 2765","Chacras - ""mina Stephenson"" - Noreste Mzo. 1","2765"
"Calle 2761","Chacras - ""mina Stephenson"" - Noreste Mzos. 2 a 6 y 8","2761"
"Calle 2760","Chacras - ""mina Stephenson"" - Noreste Mzos. 7, 9 y 10","2760"
"Calle 2767","Chacras - ""mina Stephenson"" - Noroeste Mzo. 2","2767"
"Calle 2766","Chacras - ""mina Stephenson"" - Noroeste Mzos. 1 y 2","2766"
"Calle 2739","Chacras - ""mina Stephenson"" - Oeste Mzos. 6, 13, 22, 25, 30 y 33","2739"
"Calle 2741","Chacras - ""mina Stephenson"" - Sudeste Mzos. 32 y 33","2741"
"Calle 2740","Chacras - ""mina Stephenson"" - Sur Mzo. 33","2740"
"Calle 3335","Chacras - Entre Mzas. 178 y 179","3335"
"Huella sin deslinde Camino Don Santiago","Chacras - Entre Parc. 21, Frac. 51a, Parte Chacra 49 y Mzas. 4 y 5","3447"
"Calle 3440","Chacras - Entre Parcelas 124, 125 y Lote 28","3440"
"Calle 3443","Chacras - Entre Parcelas 196, 197 y Lote 46","3443"
"Calle 3484","Chacras - Oeste Parcela 199 (entre Parcela 198)","3484"
"Calle 2678","Chacras ""bella Vista Norte"" - Entre Parcelas 35 a 40","2678"
"Calle 3400","Chacras ""bella Vista Norte"" - Macizo 3","3400"
"Calle 3395","Chacras ""frente a 4 Canchas"" - Entre Mzas. 110 y 111","3395"
"Calle 3399","Chacras ""gomez"" - Entre Parcelas 267 a 274","3399"
"AVENIDA 3385","Chacras ""Km 17 - 1ra Parte""","3385"
"AVENIDA 3389","Chacras ""Km 17 - 1ra Parte""","3389"
"Calle 3381","Chacras ""Km 17 - 1ra Parte""","3381"
"Calle 3382","Chacras ""Km 17 - 1ra Parte""","3382"
"Calle 3383","Chacras ""Km 17 - 1ra Parte""","3383"
"Calle 3384","Chacras ""Km 17 - 1ra Parte""","3384"
"Calle 3386","Chacras ""Km 17 - 1ra Parte""","3386"
"Calle 3387","Chacras ""Km 17 - 1ra Parte""","3387"
"Calle 3388","Chacras ""Km 17 - 1ra Parte""","3388"
"Calle 3390","Chacras ""Km 17 - 1ra Parte""","3390"
"Calle 3391","Chacras ""Km 17 - 1ra Parte""","3391"
"Calle 3392","Chacras ""Km 17 - 1ra Parte""","3392"
"Ligustrina","Chacras ""Km 18""","3355"
"Loasa Argentina","Chacras ""Km 18""","3378"
"Madreselva","Chacras ""Km 18""","3357"
"Matico","Chacras ""Km 18""","3354"
"Rosa Mosqueta","Chacras ""Km 18""","3353"
"Ruibarbo","Chacras ""Km 18""","3356"
"Sencio Gris","Chacras ""Km 18""","3380"
"Calle 1374","Chacras ""los Tres Pinos"" - Entre Mza 121 y Mzo 87","1374"
"Calle 1375","Chacras ""los Tres Pinos"" - Entre Mza 122 y Mzo 87","1375"
"Calle 1376","Chacras ""los Tres Pinos"" - Entre Mzas 122 a 124","1376"
"Calle 1381","Chacras ""los Tres Pinos"" - Entre Mzas 123 a 125","1381"
"Calle 1377","Chacras ""los Tres Pinos"" - Entre Mzas 123 y 125","1377"
"Calle 1382","Chacras ""los Tres Pinos"" - Entre Mzas 123, 125, 127 y 128","1382"
"Calle 1380","Chacras ""los Tres Pinos"" - Entre Mzas 124, 122 y Mzo 87","1380"
"Calle 1378","Chacras ""los Tres Pinos"" - Entre Mzas 125 a 127","1378"
"Calle 1379","Chacras ""los Tres Pinos"" - Entre Mzas 126, 127 y Parcela 36","1379"
"Calle 1373","Chacras ""los Tres Pinos"" - Entre Mzo 85 y Mza 135","1373"
"Calle 3394","Chacras ""los Tres Pinos"" - Entre Mzos. 132 y 91","3394"
"Calle 3397","Chacras ""los Tres Pinos"" - Macizo 85","3397"
"Calle 3398","Chacras ""los Tres Pinos"" - Macizo 86","3398"
"Calle 1365","Chacras ""oeste"" - Entre Mza 243 y Parcela 275","1365"
"Calle 1366","Chacras ""oeste"" - Entre Mzas 243 y 242","1366"
"Calle 1384","Chacras ""oeste"" - Entre Mzas 254 y 255","1384"
"Calle 3489","Chacras ""sur"" - Entre Parcelas 12, 12 y 23 (al Este de Rada Tilly)","3489"
"Calle 3374","Chacras ""sur"" - Entre Parcelas 17 y 16 (ingreso a Playa)","3374"
"Calle 3491","Chacras ""sur"" - Entre Parcelas 18 a 20 (al Este de Rada Tilly)","3491"
"Calle 3490","Chacras ""sur"" - Entre Parcelas 23 y 21 (al Este de Rada Tilly)","3490"
"Calle 3481","Chacras ""sur"" - Entre Parcelas 28 a 46 (al Este de Rada Tilly)","3481"
"Calle 3480","Chacras ""sur"" - Entre Parcelas 33, 34, 43 y 44 (al Este de Rada Tilly)","3480"
"Calle 3482","Chacras ""sur"" - Entre Parcelas 37 a 51 (al Este de Rada Tilly)","3482"
"Calle 3363","Chacras ""sur"" - Entre Parcelas 52 y 53 (al Este de Rada Tilly)","3363"
"Calle 3494","Chacras ""sur"" - Sur Parcela 24","3494"
"Calle 3362","Chacras ""sur"" - Sur Parcelas 52 y 53 (al Este de Rada Tilly)","3362"
"Toronjil","Chacras Km 18","3377"
"Vinagrillo de la Sierra","Chacras Km 18","3379"
"1º de Mayo","Ciudadela","1914"
"Aconcagua","Ciudadela","1910"
"Armando Cretton","Ciudadela","1940"
"Boulevard Constitución","Ciudadela","1902"
"Cerro Catedral","Ciudadela","1904"
"Cerro Monje","Ciudadela","1977"
"Colegiales","Ciudadela","1912"
"El Arriero","Ciudadela","1919"
"El Baqueano","Ciudadela","1923"
"El Chasqui","Ciudadela","1928"
"El Domador","Ciudadela","1921"
"El Ovejero","Ciudadela","1920"
"El Paisano","Ciudadela","1983"
"El Payador","Ciudadela","1926"
"El Rastreador","Ciudadela","1982"
"El Tobiano","Ciudadela","1903"
"El Tronador","Ciudadela","1905"
"Fitz Roy","Ciudadela","1907"
"Francisco Gómez","Ciudadela","1925"
"Francisco Pizarro","Ciudadela","1901"
"Gorriti","Ciudadela","1911"
"Independencia","Ciudadela","1915"
"José Hernández","Ciudadela","1906"
"Juan Carlos Burgueño","Ciudadela","1924"
"La Pulperia","Ciudadela","1922"
"La Tradición","Ciudadela","1927"
"La Tropilla","Ciudadela","1963"
"Los Alerces","Ciudadela","1916"
"Los Andes","Ciudadela","1917"
"Pico Salamanca","Ciudadela","1913"
"Pucara","Ciudadela","1908"
"Tupungato","Ciudadela","1909"
"Calle 1960","Ciudadela - Entre Mzas. 65 y 66","1960"
"Calle 1958","Ciudadela - Este Mza. 66","1958"
"Calle 1961","Ciudadela - Oeste Mza. 65","1961"
"Calle 1998","Ciudadela - Sudeste Mza. 96","1998"
"Calle 1962","Ciudadela - Sur Mza. 64","1962"
"Calle 1959","Ciudadela - Sur Mza. 66","1959"
"Antonio Di Benedetto","Cordon Forestal "" Juan Manuel Feeney ""","733"
"Brendan Caraffa","Cordon Forestal "" Juan Manuel Feeney ""","727"
"Fermín Chávez","Cordon Forestal "" Juan Manuel Feeney ""","722"
"Francisco Urondo","Cordon Forestal "" Juan Manuel Feeney ""","732"
"Osvaldo Soriano","Cordon Forestal "" Juan Manuel Feeney ""","726"
"Calle 0974","Cordon Forestal ""j.m. Feeney"" - En Macizo 88 (ex Mzo. 64)","974"
"Calle 0955","Cordon Forestal ""j.m. Feeney"" - Entre Mzas. 102 y 101","955"
"Calle 0954","Cordon Forestal ""j.m. Feeney"" - Entre Mzas. 104 y 103","954"
"Calle 0953","Cordon Forestal ""j.m. Feeney"" - Entre Mzas. 105 y 104","953"
"Calle 0952","Cordon Forestal ""j.m. Feeney"" - Entre Mzas. 106 y 105","952"
"Calle 0962","Cordon Forestal ""j.m. Feeney"" - Entre Mzo. 20 y Mza. 107","962"
"Calle 0995","Cordon Forestal ""j.m. Feeney"" - Mzo. 48","995"
"Calle 0996","Cordon Forestal ""j.m. Feeney"" - Mzo. 48","996"
"Calle 0997","Cordon Forestal ""j.m. Feeney"" - Mzo. 48","997"
"Calle 0998","Cordon Forestal ""j.m. Feeney"" - Mzo. 48","998"
"Calle 0963","Cordon Forestal ""j.m. Feeney"" - Sur Mza. 107, Entre Mzo. 20","963"
"Calle 0924","Cordon Forestal ""j.m.f."" - Entre Mzos. 45, 51, 52 y Fracc. 13","924"
"Edulio ""Pirulo"" Barría","Cordon Forestal ""juan M. Feeney"" - Acceso Sur (ex Fr. 14-15)","748"
"Ángel Vicente Vice Intendente Gioino","Cordon Forestal ""juan M. Feeney"" - Humberto Beghin","754"
"Alberto Rivas","Cordon Forestal ""juan M. Feeney"" - Malvinas Argentinas","691"
"Concejal Jesús González Pedroso","Cordon Forestal ""juan M. Feeney"" - Malvinas Argentinas","737"
"Concejal Miguel Ángel Mansilla","Cordon Forestal ""juan M. Feeney"" - Malvinas Argentinas","736"
"Concejal Valeria Gómez","Cordon Forestal ""juan M. Feeney"" - Malvinas Argentinas","735"
"Jorge Daniel Ludueña","Cordon Forestal ""juan M. Feeney"" - Malvinas Argentinas","741"
"Marco Denevi","Cordon Forestal ""juan M. Feeney"" - Malvinas Argentinas","723"
"Miguel Briante","Cordon Forestal ""juan M. Feeney"" - Malvinas Argentinas","724"
"Roberto Pairo","Cordon Forestal ""juan M. Feeney"" - Malvinas Argentinas","725"
"Silvia Ocampo","Cordon Forestal ""juan M. Feeney"" - Malvinas Argentinas","721"
"Concejal Adolfo Quintana","Cordon Forestal ""juan Manuel Feeney""","828"
"Concejal Alfredo Jorge Morón","Cordon Forestal ""juan Manuel Feeney""","731"
"Concejal Arturo Amor Sánchez","Cordon Forestal ""juan Manuel Feeney""","730"
"Concejal Benito Martins","Cordon Forestal ""juan Manuel Feeney""","715"
"Concejal Bernabé Hernández","Cordon Forestal ""juan Manuel Feeney""","713"
"Concejal Braulio Ruiz","Cordon Forestal ""juan Manuel Feeney""","745"
"Concejal Carlos León Bottinelli","Cordon Forestal ""juan Manuel Feeney""","753"
"Concejal Carmen Farías","Cordon Forestal ""juan Manuel Feeney""","720"
"Concejal Cipriano Fernández","Cordon Forestal ""juan Manuel Feeney""","717"
"Concejal Félix Quintana","Cordon Forestal ""juan Manuel Feeney""","714"
"Concejal Francisco Olinik","Cordon Forestal ""juan Manuel Feeney""","716"
"Concejal Gregorio Sandoval","Cordon Forestal ""juan Manuel Feeney""","746"
"Concejal Hector Sánchez","Cordon Forestal ""juan Manuel Feeney""","742"
"Concejal Inocencio Vanni","Cordon Forestal ""juan Manuel Feeney""","739"
"Concejal Jacobo Soto","Cordon Forestal ""juan Manuel Feeney""","750"
"Concejal José Miguel Laneza","Cordon Forestal ""juan Manuel Feeney""","751"
"Concejal Oscar Vicente Herrera","Cordon Forestal ""juan Manuel Feeney""","719"
"Concejal Pedro Palacios","Cordon Forestal ""juan Manuel Feeney""","743"
"Concejal Raimundo Casal","Cordon Forestal ""juan Manuel Feeney""","738"
"Concejal Roberto Rodríguez","Cordon Forestal ""juan Manuel Feeney""","744"
"Concejal Silvia Cristina Ávila","Cordon Forestal ""juan Manuel Feeney""","747"
"Dario Vilches","Cordon Forestal ""juan Manuel Feeney""","734"
"Eduardo Miguel Ceschin","Cordon Forestal ""juan Manuel Feeney""","752"
"Hector Aidor Zunino","Cordon Forestal ""juan Manuel Feeney""","749"
"David Pressiani","Cordon Forestal ""juan Manuel Feeney"" - San Cayetano","817"
"Concejal Ricardo Alcoleas","Cordon Forestal -malvinas Argentinas -chacras ""los 3 Pinos""","740"
"Vicente Barbieri","Cordón Forestal -malvinas Argentinas- Gobernador Roque González","728"
"Haroldo Conti","Cordon Forestal-malvinas Argentinas-gdor. R. González","729"
"Arroyo Esquel","Diadema Argentina","2523"
"Lago Argentino","Diadema Argentina","2509"
"Lago Belgrano","Diadema Argentina","2505"
"Lago Buenos Aires","Diadema Argentina","2501"
"Lago Cardiel","Diadema Argentina","2518"
"Lago Cisne","Diadema Argentina","2510"
"Lago Colhué Huapí","Diadema Argentina","2515"
"Lago Epuyen","Diadema Argentina","2520"
"Lago Fagnano","Diadema Argentina","2521"
"Lago Fontana","Diadema Argentina","2549"
"Lago Futalaufquén","Diadema Argentina","2504"
"Lago Ghio","Diadema Argentina","2516"
"Lago Lácar","Diadema Argentina","2513"
"Lago Mascardi","Diadema Argentina","2508"
"Lago Musters","Diadema Argentina","2519"
"Lago Posadas","Diadema Argentina","2506"
"Lago Puelo","Diadema Argentina","2502"
"Lago Pueyrredon","Diadema Argentina","2512"
"Lago Quiroga","Diadema Argentina","2503"
"Lago Rico","Diadema Argentina","2522"
"Lago Rivadavia","Diadema Argentina","2517"
"Lago San Martín","Diadema Argentina","2507"
"Lago Viedma","Diadema Argentina","2511"
"Lago Vintter","Diadema Argentina","2514"
"Pasaje Rio Frey","Diadema Argentina","2537"
"Río Alerces","Diadema Argentina","2547"
"Río Arrayanes","Diadema Argentina","2530"
"Río Azul","Diadema Argentina","2536"
"Río Barrancas","Diadema Argentina","2548"
"Río Carrenleufu","Diadema Argentina","2526"
"Río Chico","Diadema Argentina","2535"
"Río Chubut","Diadema Argentina","2541"
"Río Colorado","Diadema Argentina","2543"
"Río Corcovado","Diadema Argentina","2532"
"Río Corintos","Diadema Argentina","2544"
"Río Coyle","Diadema Argentina","2545"
"Río de la Plata","Diadema Argentina","2539"
"Río Deseado","Diadema Argentina","2529"
"Río Gallegos","Diadema Argentina","2528"
"Río Grande","Diadema Argentina","2527"
"Río Hielo","Diadema Argentina","2524"
"Río Lepa","Diadema Argentina","2525"
"Río Limay","Diadema Argentina","2542"
"Río Negro","Diadema Argentina","2538"
"Río Percy","Diadema Argentina","2540"
"Río Pinturas","Diadema Argentina","2534"
"Río Santa Cruz","Diadema Argentina","2546"
"Río Senguer","Diadema Argentina","2533"
"Río Turbio","Diadema Argentina","2531"
"Santa Teresa de Ávila","Diadema Argentina","2553"
"Calle 2552","Diadema Argentina - Entre Mza. 70 y 71","2552"
"Calle 2551","Diadema Argentina - Mza. 41 y 42","2551"
"Calle 2550","Diadema Argentina - Mza. 42 y 43","2550"
"Balcón del Paraíso","Dr. Quirno Costa","380"
"Comunidad","Dr. Quirno Costa","379"
"Doctor Federicci","Dr. Quirno Costa","373"
"Francisco Vivaldi","Dr. Quirno Costa","383"
"Maria Concilia","Dr. Quirno Costa","378"
"Monseñor Argimiro Daniel Moure","Dr. Quirno Costa","547"
"Monseñor Carlos Mariano Pérez","Dr. Quirno Costa","513"
"Nuestra Señora de Lourdes","Dr. Quirno Costa","376"
"Pasaje 29 de Noviembre","Dr. Quirno Costa","544"
"Pasaje Peatonal 1","Dr. Quirno Costa","545"
"Pasaje Peatonal 2","Dr. Quirno Costa","546"
"Pasaje Peatonal 3","Dr. Quirno Costa","548"
"Pasaje Peatonal 4","Dr. Quirno Costa","630"
"Pasaje Peatonal 5","Dr. Quirno Costa","631"
"Providencia","Dr. Quirno Costa","375"
"Reverendo Padre Carlos Mujica","Dr. Quirno Costa","543"
"Reverendo Padre Luis Cencio","Dr. Quirno Costa","512"
"Reverendo Padre Luis Dabroswki","Dr. Quirno Costa","511"
"Reverendo Padre Mario Luis Mignone","Dr. Quirno Costa","515"
"San Cayetano","Dr. Quirno Costa","374"
"Santa Cecilia","Dr. Quirno Costa","382"
"Santa Rosa","Dr. Quirno Costa","385"
"Calle 0882","Dr. Quirno Costa - Entre Mza. 56 y 58","882"
"Calle 0883","Dr. Quirno Costa - Entre Mza. 57 y 58","883"
"Pasaje Peatonal 1350","Dr. Quirno Costa - Entre Mzas. 24 y 14","1350"
"Pasaje Peatonal 1349","Dr. Quirno Costa - Entre Mzas. 39 y 24","1349"
"Calle 0514","Dr. Quirno Costa - Este Mza. 924","514"
"Calle 0510","Dr. Quirno Costa - Oeste Mza. 922 y 923","510"
"Andrés Minoli","Dr. Quirno Costa - San Cayetano","381"
"Bernardo Alberto Houssay","Dr. Quirno Costa - San Cayetano","384"
"Santa Clara","Dr. Quirno Costa - San Isidro Labrador","371"
"Calle 3070","Dr. Rene G. Favaloro - Entre Mzas. 125 a 129 y 101 a 109","3070"
"Carmelo Cambareri","Dr. René Geronimo Favaloro","3131"
"Doctor Blas Tadeo Cáceres","Dr. René Geronimo Favaloro","3129"
"Doctor Miguel Webb","Dr. René Geronimo Favaloro","3192"
"Doctor Roberto Countere","Dr. René Geronimo Favaloro","3134"
"Eulogio Beroiza","Dr. René Geronimo Favaloro","3141"
"Eusebio Saiz","Dr. René Geronimo Favaloro","3191"
"Felipe Escribano","Dr. René Geronimo Favaloro","3184"
"Francisco Gaspar","Dr. René Geronimo Favaloro","3186"
"Francisco Jordan Cruz","Dr. René Geronimo Favaloro","3138"
"Francisco Rios","Dr. René Geronimo Favaloro","3187"
"Hugo Morón","Dr. René Geronimo Favaloro","3127"
"Joaquin Do Brito","Dr. René Geronimo Favaloro","3185"
"José Bernardino Antisoli","Dr. René Geronimo Favaloro","3137"
"Josefina Arquitecta Bidondo","Dr. René Geronimo Favaloro","3401"
"Juan Antonio Santos Zepeda","Dr. René Geronimo Favaloro","3128"
"Liliana Trinidad Cabral","Dr. René Geronimo Favaloro","3133"
"Luis González López","Dr. René Geronimo Favaloro","3182"
"Martín Lanza","Dr. René Geronimo Favaloro","3132"
"Nelson Suboficial Mayor Godoy","Dr. René Geronimo Favaloro","3130"
"Nicolás Paradiso","Dr. René Geronimo Favaloro","3416"
"Oscar Javier Carrizo","Dr. René Geronimo Favaloro","3136"
"Ricardo Luis Pettinari","Dr. René Geronimo Favaloro","3180"
"Santos Leonardo Reynoso","Dr. René Geronimo Favaloro","3135"
"Segundo Celso Graneros","Dr. René Geronimo Favaloro","3143"
"Segundo Jaramillo","Dr. René Geronimo Favaloro","3190"
"Soldado Damian Vera","Dr. René Geronimo Favaloro","3181"
"Soldado Fabián Henríquez","Dr. René Geronimo Favaloro","3144"
"Soldado Hector Aguilante","Dr. René Geronimo Favaloro","3188"
"Soldado Rafael Vargas","Dr. René Geronimo Favaloro","3183"
"Soldado Ruben Huenuqueo","Dr. René Geronimo Favaloro","3142"
"Tito Stelmastuk","Dr. René Geronimo Favaloro","3140"
"Calle 3474","Dr. René Geronimo Favaloro - Centro Mzo. 146","3474"
"Pasaje 3359","Dr. René Geronimo Favaloro - Centro Mzo. 146","3359"
"Calle 3488","Dr. René Geronimo Favaloro - Entre Mzas. 135 y 134","3488"
"Calle 3487","Dr. René Geronimo Favaloro - Entre Mzas. 136 y 135","3487"
"Calle 3486","Dr. René Geronimo Favaloro - Entre Mzas. 137 y 136","3486"
"Calle 3418","Dr. René Geronimo Favaloro - Entre Mzas. 44 y 45","3418"
"Calle 3236","Dr. René Geronimo Favaloro - Entre Mzas. 76 y 77","3236"
"Calle 3235","Dr. René Geronimo Favaloro - Entre Mzas. 77 y 78","3235"
"Calle 3229","Dr. René Geronimo Favaloro - Entre Mzas. 79 y 80","3229"
"Calle 3228","Dr. René Geronimo Favaloro - Entre Mzas. 80 y 81","3228"
"Calle 3234","Dr. René Geronimo Favaloro - Entre Mzas. 98 y 99","3234"
"Calle 3227","Dr. René Geronimo Favaloro - Este Mzas. 75 a 78","3227"
"Calle 3473","Dr. René Geronimo Favaloro - Norte Mza. 28","3473"
"Calle 3472","Dr. René Geronimo Favaloro - Norte Mza. 29","3472"
"Calle 3230","Dr. René Geronimo Favaloro - Oeste Mzas. 79 a 81","3230"
"Aburto Zobenir","Don Bosco","2454"
"Aldo Juan Silvestrini","Don Bosco","2857"
"Alférez Alfredo J. Vázquez","Don Bosco","2329"
"Alfredo Nassi","Don Bosco","2488"
"Ameli Concepción Mandarano","Don Bosco","2396"
"Aniceto Enfermero López","Don Bosco","2452"
"Antonia Doña Gómez","Don Bosco","2880"
"Antonio Lamarque","Don Bosco","2310"
"Antonio Ramos Cortés","Don Bosco","2412"
"Aurelio Calandra","Don Bosco","2491"
"Avenida Alejandro Maiz","Don Bosco","2301"
"Baldomero Carballo","Don Bosco","2401"
"Base Almirante Brown","Don Bosco","2343"
"Base Decepción","Don Bosco","2342"
"Base Esperanza","Don Bosco","2341"
"Base General Belgrano","Don Bosco","2340"
"Base Irizar","Don Bosco","2339"
"Base Marambio","Don Bosco","2344"
"Base Matienzo","Don Bosco","2336"
"Base Melchior","Don Bosco","2338"
"Base Petrel","Don Bosco","2345"
"Base Sobral","Don Bosco","2335"
"Base Teniente Camara","Don Bosco","2337"
"Benedicto Zupanovic","Don Bosco","2448"
"Bento Silvestre de Sousa","Don Bosco","2486"
"Buenaventura Rosas Martins","Don Bosco","2445"
"Cabo 1º Agustin Montaño","Don Bosco","2319"
"Cabo 1º Hector H. Varas","Don Bosco","2320"
"Cabo 1º Miguel a. Carrizo","Don Bosco","2331"
"Cabo 1º Rafael Andrés Lisazu","Don Bosco","2434"
"Carlos Teneinte Castillo","Don Bosco","2322"
"Concejal Osvaldo Barros","Don Bosco","2414"
"Cristobal Ramos","Don Bosco","2394"
"Damian San Pedro","Don Bosco","2395"
"Darwin Jones","Don Bosco","2845"
"Departamento Biedma","Don Bosco","2495"
"Departamento Futaleufú","Don Bosco","2493"
"Departamento Gaiman","Don Bosco","2482"
"Departamento Languiñeo","Don Bosco","2483"
"Departamento Mártires","Don Bosco","2494"
"Departamento Paso de Indios","Don Bosco","2485"
"Diego Pichl","Don Bosco","2324"
"Doctor Claus Dahinten","Don Bosco","2381"
"Doctor Emilio Michaud","Don Bosco","2453"
"Domingo Chaparro","Don Bosco","2411"
"Donald Borsella","Don Bosco","2307"
"Doris Hughes de Chaín","Don Bosco","2440"
"Emilio Ivanovich","Don Bosco","2415"
"Enrique Pedro Gómez","Don Bosco","2887"
"Enrique Santos Discépolo","Don Bosco","2304"
"Estanislao Orakowski","Don Bosco","2405"
"Estanislao Sadowski","Don Bosco","2432"
"Esteban Budimir","Don Bosco","2469"
"Esteban Casas","Don Bosco","2878"
"Eugenio Zacharco","Don Bosco","2442"
"Felicidad Hernández","Don Bosco","2312"
"Fernando Mader","Don Bosco","2403"
"Francisco Calatrava","Don Bosco","2380"
"Francisco Viegas Valagao","Don Bosco","2487"
"Gaucho Rivero","Don Bosco","2346"
"General Armando Raggio","Don Bosco","2327"
"General Fernando Carles","Don Bosco","2314"
"Giovanni Siddi","Don Bosco","2422"
"Gregorio Villafañe","Don Bosco","2423"
"Guido a. Suboficial Auxiliar Marizza","Don Bosco","2333"
"Guillermo Larreguy","Don Bosco","2311"
"Gustavo Bombero Contreras","Don Bosco","2383"
"Hector Enrique Puschel","Don Bosco","2821"
"Hector Raul Peric","Don Bosco","2449"
"Irene Ciria","Don Bosco","2490"
"Iso Avicich","Don Bosco","2424"
"Joaquin Correia","Don Bosco","2843"
"Joaquin Matías Gago","Don Bosco","2496"
"José ""Fernandito"" Fernández","Don Bosco","2472"
"José Alam","Don Bosco","2323"
"José Augusto Behr","Don Bosco","2419"
"José Da Cruz Ponte","Don Bosco","2417"
"José Dias Sancho","Don Bosco","2877"
"José Fenoy López","Don Bosco","2425"
"José Frkovic","Don Bosco","2444"
"José Giannotta","Don Bosco","2873"
"José M. Baños","Don Bosco","2326"
"José Ramírez Aldeia","Don Bosco","2408"
"José Silvestrini","Don Bosco","2885"
"José Torres","Don Bosco","2404"
"José Vidal","Don Bosco","2489"
"José Viegas","Don Bosco","2418"
"Juan Alejo Matus","Don Bosco","2876"
"Juan Bautista Segnini","Don Bosco","2420"
"Juan Bombero González","Don Bosco","2431"
"Juan Boris Milanic","Don Bosco","2824"
"Juan Gubicz","Don Bosco","2435"
"Juan Pylypczuck","Don Bosco","2443"
"Juana Doña Sosa Toledo","Don Bosco","2321"
"Julio J. Suboficial Principal Lastra","Don Bosco","2332"
"Julio Moreno","Don Bosco","2313"
"Leopoldo Morales","Don Bosco","2382"
"Luis Alberto Pérez","Don Bosco","2840"
"Luis Batista","Don Bosco","2844"
"Luis Ruiz Guiñazu","Don Bosco","2308"
"Luis Salazar","Don Bosco","2881"
"Manuel Calatrava","Don Bosco","2842"
"Manuel Costa","Don Bosco","2325"
"Manuel Montoya Rodríguez","Don Bosco","2399"
"Margarita Haro","Don Bosco","2492"
"Mario Intendente Morejon","Don Bosco","2822"
"Máximo Kindruk","Don Bosco","2402"
"Miguel Leonori","Don Bosco","2413"
"Miguel Milathianakis","Don Bosco","2397"
"Miguel Vladimiro Teschuk","Don Bosco","2421"
"Natalio Cudina","Don Bosco","2831"
"Nicolás Cherenichenko","Don Bosco","2410"
"Nicolás Daniel García","Don Bosco","2407"
"Oliverio Girondo","Don Bosco","2305"
"Oreste Franzoni","Don Bosco","2317"
"Oscar Eduardo Kryniski","Don Bosco","2830"
"Padre Arcemo Guerra","Don Bosco","2385"
"Padre Demofilo Fernández","Don Bosco","2451"
"Pasaje Brinica Owen Jones","Don Bosco","2892"
"Pasaje Carlos Enrique Director López","Don Bosco","2846"
"Pasaje Carmelo Calabró","Don Bosco","2891"
"Pasaje Peatonal Estanislao Laskowski","Don Bosco","2879"
"Pascual Fenolle","Don Bosco","2874"
"Petar Burazer","Don Bosco","2416"
"Raúl Esteban Pérez","Don Bosco","2409"
"Raúl González Tuñón","Don Bosco","2306"
"Raúl Ramón Oyanarte","Don Bosco","2847"
"Raúl Ureña","Don Bosco","2398"
"Ricardo Martins Viegas","Don Bosco","2441"
"Rita Barrera","Don Bosco","2450"
"Salvador Licastro","Don Bosco","2884"
"Sargento Baltazar González","Don Bosco","2436"
"Sierra Rosada","Don Bosco","2484"
"Simón Mitrovich","Don Bosco","2400"
"Soldado Hector R. Bordón","Don Bosco","2303"
"Soldado Hector W. Aguirre","Don Bosco","2330"
"Soldado Mario Luna","Don Bosco","2328"
"Stefan Dulewics","Don Bosco","2841"
"Teniente Daniel a. Jukic","Don Bosco","2334"
"Teniente Jorge R. Irbalucea","Don Bosco","2316"
"Teniente José L. 1º Ardiles","Don Bosco","2318"
"Teniente Juan José Adaraz","Don Bosco","2302"
"Teniente Miguel a. Giménez","Don Bosco","2315"
"Calle 2479","Don Bosco - Entre Mza. 131 y 132 - C.4, S.9","2479"
"Calle 2446","Don Bosco - Entre Mza. 2 y 3","2446"
"Calle 2889","Don Bosco - Entre Mza. 20 y Mzo. 17 (c.4, S.7)","2889"
"Pasaje Peatonal 2893","Don Bosco - Entre Mza. 54a","2893"
"Calle 2497","Don Bosco - Entre Mzas. 127 y 128","2497"
"Calle 2770","Don Bosco - Entre Mzas. 176 a 180","2770"
"Calle 2769","Don Bosco - Entre Mzas. 178 y 179","2769"
"Calle 2775","Don Bosco - Entre Mzas. 181, 182, 186 y 187","2775"
"Calle 2772","Don Bosco - Entre Mzas. 181,182 y 184 a 186","2772"
"Calle 2774","Don Bosco - Entre Mzas. 182 a 186","2774"
"Calle 2771","Don Bosco - Entre Mzas. 183 y 184","2771"
"Pasaje 2888","Don Bosco - Entre Mzas. 79 y 79a","2888"
"Calle 2768","Don Bosco - Entre Mzo. 1 y Mza. 177","2768"
"Calle 2473","Don Bosco - Entre Mzo. 17 y Mza. 130 - (circ. 4 - Sector 9)","2473"
"Calle 2890","Don Bosco - Entre Mzos. 17 y 18 (c.4, S.7)","2890"
"Calle 2883","Don Bosco - Este Mza. 231 (c.4 - S.9)","2883"
"Calle 2900","Don Bosco - Este Mza. 88 (c. 4 - S. 7)","2900"
"Calle 2894","Don Bosco - Ex Cancha de ""los Andes"" (al Sur de la Parroquia)","2894"
"Calle 2895","Don Bosco - Ex Cancha de ""los Andes"" (al Sur de la Parroquia)","2895"
"Calle 2896","Don Bosco - Ex Cancha de ""los Andes"" (al Sur de la Parroquia)","2896"
"Calle 2897","Don Bosco - Ex Cancha de ""los Andes"" (al Sur de la Parroquia)","2897"
"Calle 2898","Don Bosco - Ex Cancha de ""los Andes"" (al Sur de la Parroquia)","2898"
"Calle 2899","Don Bosco - Ex Cancha de ""los Andes"" (al Sur de la Parroquia)","2899"
"Calle 2829","Don Bosco - Mzo. 1, Entre Parcelas 18, 19 y 20","2829"
"Pasaje 2471","Don Bosco - Mzo. 86","2471"
"Calle 2499","Don Bosco - Noreste Mza. 191","2499"
"Calle 2871","Don Bosco - Noroeste Mza. 142 (c.4 - S.7)","2871"
"Calle 2872","Don Bosco - Noroeste Mza. 142 (c.4 - S.7)","2872"
"Calle 2477","Don Bosco - Norte Mza. 131 y 132 - C.4, S.9","2477"
"Calle 2447","Don Bosco - Norte Mza. 2","2447"
"Pasaje 2470","Don Bosco - Norte Mza. 92-a - ""quintas""","2470"
"Calle 2823","Don Bosco - Norte Mzas. 101 a 104 (c. 4 - S. 5)","2823"
"Calle 2882","Don Bosco - Oeste Mza. 115 (c.4 - S.7)","2882"
"Calle 2832","Don Bosco - Parcela 5","2832"
"Calle 2833","Don Bosco - Parcela 5 (c. 4 - S. 5)","2833"
"Calle 2834","Don Bosco - Parcela 5 (c. 4 - S. 5)","2834"
"Calle 2835","Don Bosco - Parcela 5 (c. 4 - S. 5)","2835"
"Calle 2836","Don Bosco - Parcela 5 (c. 4 - S. 5)","2836"
"Calle 2837","Don Bosco - Parcela 5 (c. 4 - S. 5)","2837"
"Calle 2838","Don Bosco - Parcela 5 (c. 4 - S. 5)","2838"
"Calle 2839","Don Bosco - Parcela 5 (c. 4 - S. 5)","2839"
"Mario Pisano","Don Bosco - Restinga Ali","2825"
"Calle 2406","Don Bosco - Sector 21 - Entre Mzas. 1 y 2","2406"
"Calle 2401","Don Bosco - Sector 21 - Entre Mzas. 19 y 36","2401"
"Milan Ivanoff","Don Bosco - Standard Norte","2438"
"Rodolfo García","Don Bosco - Standard Norte","2433"
"Italo Dell'oro","Don Bosco - Standard Sur","2347"
"Calle 2481","Don Bosco - Sudeste Mza. 132 - C.4, S.9","2481"
"Calle 2498","Don Bosco - Sudeste Mzas. 189 a 191","2498"
"Calle 2474","Don Bosco - Sudoeste Mza. 130 - (circ. 4 - Sector 9)","2474"
"Calle 2478","Don Bosco - Sudoeste Mza. 131 - C.4, S.9","2478"
"Calle 2480","Don Bosco - Sudoeste Mza. 132 - C.4, S.9","2480"
"Calle 2773","Don Bosco - Sur Mzas. 185 a 187","2773"
"Calle 3368","Dr. René Geronimo Favaloro - Entre Mza. 166 y Parcela 23","3368"
"Calle 3402","Dr. René Geronimo Favaloro - Entre Mzas. 100 a 116","3402"
"Calle 3404","Dr. René Geronimo Favaloro - Entre Mzas. 101 y 104","3404"
"Calle 3403","Dr. René Geronimo Favaloro - Entre Mzas. 102 a 115","3403"
"Calle 3405","Dr. René Geronimo Favaloro - Entre Mzas. 104 y 108","3405"
"Calle 3406","Dr. René Geronimo Favaloro - Entre Mzas. 105 y 106","3406"
"Calle 3407","Dr. René Geronimo Favaloro - Entre Mzas. 108 y 111","3407"
"Calle 3408","Dr. René Geronimo Favaloro - Entre Mzas. 111 y 116","3408"
"Calle 3071","Dr. René Geronimo Favaloro - Entre Mzas. 124 y 125 a 129","3071"
"Calle 3072","Dr. René Geronimo Favaloro - Entre Mzas. 125, 126 y 124","3072"
"Calle 3410","Dr. René Geronimo Favaloro - Entre Mzas. 75 y 88","3410"
"Calle 3414","Dr. René Geronimo Favaloro - Entre Mzas. 84 y 83","3414"
"Calle 3413","Dr. René Geronimo Favaloro - Entre Mzas. 85 y 84","3413"
"Calle 3412","Dr. René Geronimo Favaloro - Entre Mzas. 86 y 85","3412"
"Calle 3411","Dr. René Geronimo Favaloro - Entre Mzas. 88 y 86","3411"
"Calle 3157","Dr. René Geronimo Favaloro - Este Mza. 124 y Macizo 131","3157"
"Calle 3233","Dr. René Geronimo Favaloro - Este Mzas. 87, 89 y 96 a 99","3233"
"Calle 3415","Dr. René Geronimo Favaloro - Norte Mza. 83","3415"
"Calle 3409","Dr. René Geronimo Favaloro - Sudeste Mzas. 114 a 116","3409"
"Cabo Dos Bahias","El Atardecer","3376"
"Huemul Hielo","El Atardecer","3277"
"Lago Bagillt","El Atardecer","3434"
"Laguna Aleuso","El Atardecer","3477"
"Los Altares","El Atardecer","3436"
"Península Valdés","El Atardecer","3435"
"Piedra Parada","El Atardecer","3437"
"Punta León","El Atardecer","3364"
"Punta Loma","El Atardecer","3439"
"Punta Marqués","El Atardecer","3438"
"Punta Tombo","El Atardecer","3365"
"Calle 1404","El Atardecer - Entre Parcelas 277 y 278","1404"
"Calle 1405","El Atardecer - Entre Parcelas 278 y 279","1405"
"Calle 1991","Franja Forestal Cerro de la Cruz - Entre Mzos. 275 y 276","1991"
"Calle 1988","Franja Forestal Cerro de la Cruz - Entre Mzos. 278 y 279","1988"
"Calle 1987","Franja Forestal Cerro de la Cruz - Entre Mzos. 280 y 286","1987"
"Calle 1986","Franja Forestal Cerro de la Cruz - Entre Mzos. 281 y 282","1986"
"Calle 1992","Franja Forestal Cerro de la Cruz - Entre Mzos. 283 y 284","1992"
"Calle 1990","Franja Forestal Cerro de la Cruz - Entre Mzos. 284 y 285","1990"
"Calle 1989","Franja Forestal Cerro de la Cruz - Entre Mzos. 285 y 286","1989"
"Calle 1993","Franja Forestal Cerro de la Cruz - Mzo 283 y Mzas 252 y 253","1993"
"Calle 1985","Franja Forestal Cerro de la Cruz - Norte Mzos. 275 a 279","1985"
"Calle 1984","Franja Forestal Cerro de la Cruz - Norte Mzos. 283 a 286","1984"
"América","Gasoducto","1930"
"Cancha Rayada","Gasoducto","1929"
"Carlos Condinanzo","Gasoducto","1937"
"Domingo Lazarte","Gasoducto","1938"
"Eladio Martínez","Gasoducto","1933"
"Federico Deipenau","Gasoducto","1934"
"Francisco Genta","Gasoducto","1994"
"Gregorio Gallegos","Gasoducto","1935"
"Juan Santos Villegas","Gasoducto","1941"
"Los Incas","Gasoducto","1931"
"Mario Rodríguez","Gasoducto","1942"
"Melina Bonafine","Gasoducto","1939"
"Pedro Kosoblik","Gasoducto","1936"
"Ramiro Vidal","Gasoducto","1932"
"Calle 1978","Gasoducto - Entre Mza. 268 y 73","1978"
"Calle 1979","Gasoducto - Este Mza. 73","1979"
"Calle 1981","Gasoducto - Oeste Mza. 300","1981"
"Calle 1918","Gasoducto - Oeste Mza. 84","1918"
"Calle 1980","Gasoducto - Sur Parcela 5","1980"
"Calle 1177","General e. Mosconi - "" Vialidad "" - Entre Mzas. 124 y 253","1177"
"Calle 1178","General e. Mosconi - "" Vialidad "" - Entre Mzas. 253 y 149","1178"
"Avenida Buque Fray Luis Beltrán","General e. Mosconi - Ntra. Sra. de la Divina Providencia","1019"
"Ewald Flagel","General e. Mosconi - Ntra. Sra. de la Divina Providencia","1151"
"Calle 1207","General e. Mosconi - Oeste Mza. 5 - Sec. 1","1207"
"17 de Agosto","General Enrique Mosconi","1018"
"A. Martins Candeias","General Enrique Mosconi","1238"
"Adrian Otero","General Enrique Mosconi","1287"
"Alberto Ruiz","General Enrique Mosconi","1242"
"Alejandro Sokol","General Enrique Mosconi","1286"
"Alfirelillo","General Enrique Mosconi","1297"
"Algarrobillo Patagónico","General Enrique Mosconi","1294"
"Alvaro Barros","General Enrique Mosconi","1086"
"Ameghinoa","General Enrique Mosconi","1300"
"Ana Cristina Soltner","General Enrique Mosconi","1260"
"Antártida Argentina","General Enrique Mosconi","1001"
"Antonio González Balcarce","General Enrique Mosconi","1071"
"Antonio Oneto","General Enrique Mosconi","1104"
"Ariztizabal","General Enrique Mosconi","1027"
"Ástor Piazzolla","General Enrique Mosconi","1288"
"Avenida Langara","General Enrique Mosconi","1029"
"Avenida Manuel Quintana","General Enrique Mosconi","1024"
"Avenida Mariano de Vedia","General Enrique Mosconi","1052"
"Avenida Mazaredo","General Enrique Mosconi","1030"
"Avenida Petrolero San Lorenzo","General Enrique Mosconi","1025"
"Avenida Tehuelches","General Enrique Mosconi","1068"
"Ayelen","General Enrique Mosconi","1154"
"Azucena Maizani","General Enrique Mosconi","1263"
"Baldomero Gracia","General Enrique Mosconi","1240"
"Bateria Independencia","General Enrique Mosconi","1003"
"Bateria Libertad","General Enrique Mosconi","1047"
"Belarmino Monsalvo","General Enrique Mosconi","1241"
"Benito Vivas","General Enrique Mosconi","1169"
"Bernardo Monteagudo","General Enrique Mosconi","1097"
"Buque General Madariaga","General Enrique Mosconi","1155"
"Buque la Plata","General Enrique Mosconi","1109"
"Calfucura","General Enrique Mosconi","1036"
"Cardiel","General Enrique Mosconi","1197"
"Carlos Ameghino","General Enrique Mosconi","1099"
"Carlos Burmeister","General Enrique Mosconi","1094"
"Carlos Calvo","General Enrique Mosconi","1082"
"Carlos Encina","General Enrique Mosconi","1089"
"Cerro Chaltén","General Enrique Mosconi","1064"
"Cerro Viteau","General Enrique Mosconi","1050"
"Chilca","General Enrique Mosconi","1296"
"Cipriano José Canto","General Enrique Mosconi","1262"
"Clemente Onelli","General Enrique Mosconi","1110"
"Comodoro Py","General Enrique Mosconi","1005"
"Coronel Fontana","General Enrique Mosconi","1083"
"Daniel Rabinovich","General Enrique Mosconi","1293"
"Diego Jara","General Enrique Mosconi","1234"
"Diego Quiles","General Enrique Mosconi","1202"
"Diego Simón","General Enrique Mosconi","1171"
"Doctor Adolfo Mendiondo","General Enrique Mosconi","1113"
"Doctor Anselmo Windhausen","General Enrique Mosconi","1102"
"Doctor Eduardo Podestá","General Enrique Mosconi","1167"
"Doctor Marcelino Reyes","General Enrique Mosconi","1012"
"Doctor Santiago Derqui","General Enrique Mosconi","1093"
"Doctora Maria Jesus Rovillard","General Enrique Mosconi","1309"
"Dolores Moscara de Medrano","General Enrique Mosconi","1269"
"Dolores Ocampo de Morón","General Enrique Mosconi","1208"
"Don Bosco","General Enrique Mosconi","1120"
"Duraznillo","General Enrique Mosconi","1161"
"El Palomar","General Enrique Mosconi","1206"
"El Plumerillo","General Enrique Mosconi","1092"
"Emilio Frey","General Enrique Mosconi","1084"
"Emilio Parra","General Enrique Mosconi","1073"
"Enrique Juan Comandante Koprowski","General Enrique Mosconi","1256"
"Escuela Nacional Nº 2","General Enrique Mosconi","1085"
"Esteban Echeverría","General Enrique Mosconi","1043"
"Evaristo Oviedo","General Enrique Mosconi","1264"
"Federico Moura","General Enrique Mosconi","1179"
"Félix Daimundo","General Enrique Mosconi","1235"
"Foyel","General Enrique Mosconi","1035"
"Francisco Bru","General Enrique Mosconi","1231"
"Francisco de Viedma","General Enrique Mosconi","1077"
"Francisco Molina","General Enrique Mosconi","1230"
"Francisco Salvador","General Enrique Mosconi","1236"
"Fray Mamerto Esquiu","General Enrique Mosconi","1115"
"General Roca","General Enrique Mosconi","1010"
"General Villegas","General Enrique Mosconi","1122"
"General Winter","General Enrique Mosconi","1011"
"Gobernador Moyano","General Enrique Mosconi","1062"
"Golfo San Jorge","General Enrique Mosconi","1042"
"Gregorio Mayo","General Enrique Mosconi","1087"
"Guillermo Cox","General Enrique Mosconi","1096"
"Gustavo Kunzel","General Enrique Mosconi","1088"
"Hermenegildo Boscaro","General Enrique Mosconi","1166"
"Hilario Lagos","General Enrique Mosconi","1060"
"Horacio Guarany","General Enrique Mosconi","1290"
"Humberto Beghin","General Enrique Mosconi","1081"
"Ignacio Warnes","General Enrique Mosconi","1196"
"Inacavas","General Enrique Mosconi","1034"
"Indio Casimiro","General Enrique Mosconi","1037"
"Indio Marcelo","General Enrique Mosconi","1066"
"Ingeniero Ángel Poncio Ferrando","General Enrique Mosconi","1247"
"Ingeniero Carlos Bizón","General Enrique Mosconi","1173"
"Ingeniero José Cosentino","General Enrique Mosconi","1165"
"Ingeniero Plats","General Enrique Mosconi","1152"
"Ingeniero Ramos Ruiz","General Enrique Mosconi","1070"
"Ingeniero Villa","General Enrique Mosconi","1193"
"Islas Orcadas","General Enrique Mosconi","1009"
"Jesus Garre","General Enrique Mosconi","1156"
"Jesus Izquierdo","General Enrique Mosconi","1229"
"Joaquin V. López","General Enrique Mosconi","1023"
"José Aimar","General Enrique Mosconi","1118"
"José Antonio Ortelli","General Enrique Mosconi","1279"
"José Fagnano","General Enrique Mosconi","1002"
"José Fuchs","General Enrique Mosconi","1078"
"José G. Ruivo","General Enrique Mosconi","1225"
"José Maestro Salesiano Graf","General Enrique Mosconi","1170"
"José Mancini","General Enrique Mosconi","1232"
"José María Beauvoir","General Enrique Mosconi","1121"
"José María Moreno","General Enrique Mosconi","1026"
"José Maria Paz","General Enrique Mosconi","1021"
"José Mármol","General Enrique Mosconi","1114"
"José Rosa Cristina","General Enrique Mosconi","1308"
"Juan Bautista Azopardo","General Enrique Mosconi","1059"
"Juan D'arienzo","General Enrique Mosconi","1292"
"Juan Espel","General Enrique Mosconi","1228"
"Juan Esteban Pedernera","General Enrique Mosconi","1095"
"Juan José Svoboda","General Enrique Mosconi","1174"
"Juan Martín de Pueyrredon","General Enrique Mosconi","1020"
"Juan Martínez","General Enrique Mosconi","1079"
"Juan Ramón Balcarce","General Enrique Mosconi","1051"
"Juan Teodoro Miguel Lecumberry","General Enrique Mosconi","1227"
"Julio Emilio Balsas","General Enrique Mosconi","1267"
"La Mimosa","General Enrique Mosconi","1076"
"Lago Blanco","General Enrique Mosconi","1139"
"Lago Buenos Aires","General Enrique Mosconi","1090"
"Lago Gutiérrez","General Enrique Mosconi","1080"
"Lago Musters","General Enrique Mosconi","1007"
"Leopoldo Lugones","General Enrique Mosconi","1069"
"Libertador General San Martín","General Enrique Mosconi","1119"
"Loire","General Enrique Mosconi","1107"
"Lola Mora","General Enrique Mosconi","1209"
"Los Bulgaros","General Enrique Mosconi","1014"
"Los Eslavos","General Enrique Mosconi","1058"
"Los Españoles","General Enrique Mosconi","1111"
"Los Galeses","General Enrique Mosconi","1041"
"Los Italianos","General Enrique Mosconi","1057"
"Los Molles","General Enrique Mosconi","1017"
"Los Portugueses","General Enrique Mosconi","1044"
"Lovisato","General Enrique Mosconi","1105"
"Luca Prodan","General Enrique Mosconi","1271"
"Lucas Livincjuk","General Enrique Mosconi","1233"
"Luis Comandante Piedrabuena","General Enrique Mosconi","1061"
"Mallin","General Enrique Mosconi","1117"
"Manolo García","General Enrique Mosconi","1282"
"Manquel","General Enrique Mosconi","1006"
"Manuel Alberti","General Enrique Mosconi","1065"
"Maria Gabriela Epumer","General Enrique Mosconi","1272"
"Mariano Acosta","General Enrique Mosconi","1004"
"Mariano Mores","General Enrique Mosconi","1289"
"Mascardi","General Enrique Mosconi","1112"
"Miguel Abuelo","General Enrique Mosconi","1277"
"Miguel Ángel Gregorio Sosa","General Enrique Mosconi","1201"
"Miguel Cane","General Enrique Mosconi","1074"
"Miguel Don Rua","General Enrique Mosconi","1200"
"Ministro Escurra","General Enrique Mosconi","1108"
"Ministro Lobos","General Enrique Mosconi","1100"
"Montes de Oca","General Enrique Mosconi","1063"
"Nelly Álvarez de Sarna","General Enrique Mosconi","1261"
"Nicola Genoff Neicoff","General Enrique Mosconi","1159"
"Nicolás Rodríguez Peña","General Enrique Mosconi","1031"
"Norberto ""Pappo"" Napolitano","General Enrique Mosconi","1176"
"Olegario V. Andrade","General Enrique Mosconi","1072"
"Oro Negro","General Enrique Mosconi","1116"
"Ortiz de Ocampo","General Enrique Mosconi","1022"
"Pampa del Castillo","General Enrique Mosconi","1028"
"Pasaje Doctor Jorge Roberto Figari","General Enrique Mosconi","1250"
"Pasaje El Trebol","General Enrique Mosconi","1158"
"Pasaje Elena Nava de Zayas","General Enrique Mosconi","1013"
"Pasaje Independencia","General Enrique Mosconi","1164"
"Pasaje Peatonal José Hichazo Blanco","General Enrique Mosconi","1140"
"Pedro González","General Enrique Mosconi","1239"
"Pedro Ignacio de Castro Barros","General Enrique Mosconi","1032"
"Petrolero","General Enrique Mosconi","1015"
"Petrolero San Blas","General Enrique Mosconi","1016"
"Peumayen","General Enrique Mosconi","1163"
"Piloto Villarino","General Enrique Mosconi","1056"
"Policarpo Coronel","General Enrique Mosconi","1075"
"Primitivo Escolar","General Enrique Mosconi","1172"
"Puyehue","General Enrique Mosconi","1162"
"Quichamal","General Enrique Mosconi","1186"
"Raúl Humberto Barría","General Enrique Mosconi","1257"
"Rayén","General Enrique Mosconi","1153"
"Reverendo Padre Heraclio Moreno","General Enrique Mosconi","1307"
"Ricardo Beher","General Enrique Mosconi","1203"
"Río Mayo","General Enrique Mosconi","1054"
"Río Pico","General Enrique Mosconi","1194"
"Rita de Doña Pedrotti","General Enrique Mosconi","1205"
"Robustiano Gómez","General Enrique Mosconi","1249"
"Sacamata","General Enrique Mosconi","1033"
"Salomón Páez","General Enrique Mosconi","1237"
"Sandro","General Enrique Mosconi","1291"
"Santa Lucia","General Enrique Mosconi","1091"
"Santos Isidro Morales","General Enrique Mosconi","1204"
"Sebastián Pérez Rosas","General Enrique Mosconi","1226"
"Simón Farmaceutico Huberman","General Enrique Mosconi","1251"
"Sonia Sedan","General Enrique Mosconi","1243"
"Spegazzini","General Enrique Mosconi","1103"
"Spurr","General Enrique Mosconi","1101"
"Strobel","General Enrique Mosconi","1038"
"Sulupe","General Enrique Mosconi","1299"
"Teofilo Scarulis","General Enrique Mosconi","1195"
"Tomás Falkner","General Enrique Mosconi","1067"
"Tuna","General Enrique Mosconi","1298"
"Valentín Gonzalo","General Enrique Mosconi","1168"
"Vicente Bove","General Enrique Mosconi","1106"
"Victorino de la Plaza","General Enrique Mosconi","1040"
"Vincinguerra","General Enrique Mosconi","1098"
"Yaoyin","General Enrique Mosconi","1295"
"Zampa","General Enrique Mosconi","1281"
"Cerro Dragón","General Enrique Mosconi - "" Sismográfica ""","1181"
"Cerro Escondido","General Enrique Mosconi - "" Sismográfica ""","1185"
"Cerro Montenegro","General Enrique Mosconi - "" Sismográfica ""","1192"
"Cerro Pan de Azúcar","General Enrique Mosconi - "" Sismográfica ""","1184"
"Cerro Redondo","General Enrique Mosconi - "" Sismográfica ""","1182"
"Cerro Tortuga","General Enrique Mosconi - "" Sismográfica ""","1190"
"Cerro Tres Botellas","General Enrique Mosconi - "" Sismográfica ""","1183"
"Cerro Viteau","General Enrique Mosconi - "" Sismográfica ""","1180"
"Marques de Tilly","General Enrique Mosconi - "" Sismográfica ""","1187"
"Pasaje Cerro Tres Picos","General Enrique Mosconi - "" Sismográfica ""","1191"
"Club de Empleados","General Enrique Mosconi - ""sin Ubicación""","1198"
"Calle 1319","General Enrique Mosconi - Ent. Mzas. 15 y 16 (156 y 156a Pcia.)","1319"
"Calle 1223","General Enrique Mosconi - Entre Mza. 122 y 127","1223"
"Calle 1224","General Enrique Mosconi - Entre Mza. 133 y 135","1224"
"Calle 1245","General Enrique Mosconi - Entre Mza. 239 y 240","1245"
"Pasaje 1311","General Enrique Mosconi - Entre Mza. 46 y Parcela 10","1311"
"Calle 1265","General Enrique Mosconi - Entre Mza. 53 y 124","1265"
"Pasaje Peatonal 1355","General Enrique Mosconi - Entre Mzas. 100 y 116 (pcia.)","1355"
"Pasaje Peatonal 1315","General Enrique Mosconi - Entre Mzas. 12 y 18 (117 Mcr)","1315"
"Pasaje Peatonal 1314","General Enrique Mosconi - Entre Mzas. 13 y 19 (119 Mcr)","1314"
"Calle 1313","General Enrique Mosconi - Entre Mzas. 133 y 134","1313"
"Pasaje 1318","General Enrique Mosconi - Entre Mzas. 210 a 228","1318"
"Pasaje 1317","General Enrique Mosconi - Entre Mzas. 214 y 215","1317"
"Calle 1321","General Enrique Mosconi - Entre Mzas. 218 y 219","1321"
"Pasaje Peatonal 1325","General Enrique Mosconi - Entre Mzas. 26 y 113 (pcia.)","1325"
"Calle 1356","General Enrique Mosconi - Entre Mzas. 31 y 35","1356"
"Pasaje Peatonal 1358","General Enrique Mosconi - Entre Mzas. 32 y 33","1358"
"Pasaje Peatonal 1357","General Enrique Mosconi - Entre Mzas. 32 y 58 (pcia.)","1357"
"Pasaje Peatonal 1359","General Enrique Mosconi - Entre Mzas. 33 y 34","1359"
"Calle 1310","General Enrique Mosconi - Entre Mzas. 33, 34 y Mzo. 122 (c.5-s.4)","1310"
"Calle 1278","General Enrique Mosconi - Entre Mzas. 48, 106 y 105","1278"
"Calle 1302","General Enrique Mosconi - Entre Mzas. 62 y 63 (sector 1)","1302"
"Calle 1304","General Enrique Mosconi - Entre Mzas. 63, 124 y Mzo. 115","1304"
"Calle 1386","General Enrique Mosconi - Entre Mzo 100 y Mza 107 (pcia.)","1386"
"Calle 1326","General Enrique Mosconi - Entre Parcelas 63 y 65 - Mzo. 115","1326"
"Calle 1312","General Enrique Mosconi - Este Mza. 93 (107 Pcia.)","1312"
"Calle 1266","General Enrique Mosconi - Este Mzo. 121","1266"
"Pasaje Peatonal 1273","General Enrique Mosconi - Mza. 29 - Sector 1","1273"
"Pasaje 1248","General Enrique Mosconi - Mza. 85","1248"
"Calle 1258","General Enrique Mosconi - Norte Mza. 34 (ex 109)","1258"
"Calle 1280","General Enrique Mosconi - Oeste Mza. 130 y Club S.l.","1280"
"Calle 1259","General Enrique Mosconi - Oeste Mza. 34 (ex 109)","1259"
"Calle 1316","General Enrique Mosconi - Sur Mza. 134 (9 Pcia.)","1316"
"Pico Truncado","General Enrique Mosconi ""Sismográfica""","1189"
"Julio G. Koslowsky","General Mosconi","1008"
"Miguel de Jones","General Mosconi","1039"
"Bella Vista","General Mosconi - "" Sismográfica ""","1188"
"Jorge Luis Sub Ofical Herrera","Gesta de Malvinas","3148"
"Mario Emilio Suboficial Sosa","Gesta de Malvinas","3153"
"Maximiliano Suboficial Mayor Vale","Gesta de Malvinas","3152"
"Oscar Alfredo Suboficial Nabais Da Cruz","Gesta de Malvinas","3158"
"Sebastián Mena","Gesta de Malvinas","3149"
"Soldado Alfredo González","Gesta de Malvinas","3151"
"Soldado Francisco Armando Ferrada","Gesta de Malvinas","3018"
"Soldado Hector José Miranda","Gesta de Malvinas","3146"
"Soldado Juan Antonio Zúñiga","Gesta de Malvinas","3156"
"Soldado Juan Loncopán","Gesta de Malvinas","3150"
"Soldado Miguel Ángel Canyaso","Gesta de Malvinas","3154"
"Sub Oficial Carlos Geronimo Maldonado","Gesta de Malvinas","3145"
"Sub Oficial Gerardo Venancio Rivero","Gesta de Malvinas","3147"
"Pedro César Suboficial Mayor Bazan","Gesta de Malvinas - Acceso Norte","3155"
"Pasaje 3367","Gesta de Malvinas - Entre Mza. 269 y Mzo. 107","3367"
"Calle 3019","Gesta de Malvinas - Sur Mzo. 107","3019"
"Avenida Carlos Darwin","Gobernador Fontana","2373"
"Avenida Francisco Pietrobelli","Gobernador Fontana","2378"
"Avenida Punta Borjas","Gobernador Fontana","2371"
"Calixto Melzi","Gobernador Fontana","2377"
"Enrique Hermite","Gobernador Fontana","2375"
"Francisco Antonio Pigafetta","Gobernador Fontana","2384"
"Ingeniero Julio Krause","Gobernador Fontana","2376"
"Julián Murga","Gobernador Fontana","2372"
"Luis Alberto Rodríguez","Gobernador Fontana","2429"
"Simón de Alcazaba","Gobernador Fontana","2379"
"Wenceslao Escalante","Gobernador Fontana","2374"
"Calle 2468","Gobernador Fontana - Entre Mzas. 98 y 100","2468"
"Calle 2430","Gobernador Fontana - Mza. 38 y 39","2430"
"Pasaje 2869","Gobernador Fontana - Mzo. 143","2869"
"Avenida Martín Comodoro Rivadavia","Gobernador Fontana - Standard Norte","2370"
"Margarita del Carmen Reales","Gobernador Fontana - Standard Norte","2393"
"Alfredo Ismael Lama","Gobernador Roque González","3175"
"Américo Ardiles","Gobernador Roque González","3195"
"Carlos Alberto Gutiérrez","Gobernador Roque González","3176"
"Cirilo Fernando","Gobernador Roque González","3199"
"David Aracena","Gobernador Roque González","3179"
"Domingo Robledo","Gobernador Roque González","3193"
"Eduardo Alberto Bonavia","Gobernador Roque González","3178"
"José Adalio Uribe","Gobernador Roque González","3177"
"Maria Ana Triviño","Gobernador Roque González","3194"
"Mario José Bladilo","Gobernador Roque González","3196"
"Mateo Antonio Vitcovich","Gobernador Roque González","3197"
"Terencio Daniel Olguin","Gobernador Roque González","3198"
"Doctor Eduardo Aldo Musacchio","Gobernador Roque González - Malvinas Argentinas","3111"
"José Manuel Calico","Gobernador Roque González - Malvinas Argentinas","3109"
"Alejandro Piatnitzky","Güemes","2933"
"Egidio Feruglio","Güemes","2934"
"Roberto Ferello","Güemes","2931"
"Tomás Suero","Güemes","2932"
"Victorio Angelelli","Güemes","2935"
"Calle 2667","Güemes - Este Mzas. 47 y 49","2667"
"Calle 2960","Güemes - Noroeste Mzas. 58 y 59","2960"
"Calle 2668","Güemes - Oeste Mzas. 59 y 48","2668"
"Alfredo Llames Massini","Humberto Beghin","354"
"Andrés Sañudo","Humberto Beghin","338"
"Ángel Emiliano Biasussi","Humberto Beghin","327"
"Antonio Cañal","Humberto Beghin","530"
"Antonio Roqueta Prat","Humberto Beghin","353"
"Belarmino Menéndez","Humberto Beghin","362"
"Benito Grillo","Humberto Beghin","310"
"Carlos Kirn","Humberto Beghin","334"
"Casimiro Szlapelis","Humberto Beghin","299"
"Cruz Abeijon","Humberto Beghin","317"
"Doctor Antonio López Arias","Humberto Beghin","336"
"Doctor Guillermo Leguizamón","Humberto Beghin","325"
"Doctor Julio Ladvocat","Humberto Beghin","298"
"Domingo Adano","Humberto Beghin","341"
"Eloy Canova","Humberto Beghin","329"
"Elviro Fernández","Humberto Beghin","331"
"Enrique Corcoy","Humberto Beghin","320"
"Ernesto Lanfranco","Humberto Beghin","456"
"Fernando Paternoster","Humberto Beghin","363"
"Francisco Salso","Humberto Beghin","335"
"Humberto Sacerdote","Humberto Beghin","321"
"Ingeniero Agustin Rosas","Humberto Beghin","328"
"Ingeniero Eleazar Garzón","Humberto Beghin","358"
"Jacinto Garat","Humberto Beghin","344"
"Jorge Verdeau","Humberto Beghin","345"
"José Álvarez","Humberto Beghin","300"
"José B. Dalle Mura","Humberto Beghin","301"
"José Carrozzi","Humberto Beghin","307"
"José Echegaray","Humberto Beghin","368"
"José Lete","Humberto Beghin","370"
"José Liñeiro","Humberto Beghin","348"
"José M. Pérez","Humberto Beghin","359"
"José Matos","Humberto Beghin","322"
"José Salso","Humberto Beghin","337"
"Juan Davies","Humberto Beghin","364"
"Juan P. Vueguen","Humberto Beghin","340"
"Juan Pevet","Humberto Beghin","357"
"Juan Plate","Humberto Beghin","330"
"Julio Argentino Cabezas","Humberto Beghin","332"
"Luis Sánchez","Humberto Beghin","316"
"Manuel Olascoaga","Humberto Beghin","367"
"Marcos Soto","Humberto Beghin","455"
"Maria Corcoy","Humberto Beghin","326"
"Nicolás Mañas","Humberto Beghin","342"
"Nicolás Moral","Humberto Beghin","318"
"Pedro Barthout","Humberto Beghin","346"
"Pedro Pablo Ortega","Humberto Beghin","356"
"Rafael Navarta","Humberto Beghin","366"
"Raúl Oneto","Humberto Beghin","323"
"Reverendo Augusto Cristanello","Humberto Beghin","355"
"Roque González","Humberto Beghin","319"
"Santiago Farrel","Humberto Beghin","333"
"Santos Arroyabe","Humberto Beghin","324"
"Sebastián Peral","Humberto Beghin","314"
"Soil Brohman","Humberto Beghin","339"
"Tirso López","Humberto Beghin","343"
"Toribio Larrea","Humberto Beghin","365"
"Juan de Dios Trevisan","Humberto Beghin - 30 de Octubre","360"
"Julián Carbonell","Humberto Beghin - 30 de Octubre","361"
"Boulevard Los Constituyentes","Humberto Beghin - 30 de Octubre - Pueyrredon","275"
"Sebastián Almeiro","Humberto Beghin - Acceso Sur","347"
"Calle 0902","Humberto Beghin - Entre Mza. 196 y Mzo. 198","902"
"Calle 0911","Humberto Beghin - Entre Mza. 217 a 219","911"
"Calle 0912","Humberto Beghin - Entre Mza. 218 a 222","912"
"Calle 0915","Humberto Beghin - Entre Mza. 218 a 223","915"
"Calle 0913","Humberto Beghin - Entre Mza. 223 a 225","913"
"Calle 0914","Humberto Beghin - Entre Mza. 227 a 228","914"
"Calle 0881","Humberto Beghin - Entre Mza. 92 y 193","881"
"Calle 0993","Humberto Beghin - Entre Mzas. 255 y 259","993"
"Calle 1327","Humberto Beghin - Mzas. 242 a 253 - ""freile""","1327"
"Calle 1328","Humberto Beghin - Mzas. 242 a 253 - ""freile""","1328"
"Calle 1329","Humberto Beghin - Mzas. 242 a 253 - ""freile""","1329"
"Calle 1330","Humberto Beghin - Mzas. 242 a 253 - ""freile""","1330"
"Calle 1331","Humberto Beghin - Mzas. 242 a 253 - ""freile""","1331"
"Calle 1332","Humberto Beghin - Mzas. 242 a 253 - ""freile""","1332"
"Calle 1333","Humberto Beghin - Mzas. 242 a 253 - ""freile""","1333"
"Calle 1334","Humberto Beghin - Mzas. 242 a 253 - ""freile""","1334"
"Calle 1335","Humberto Beghin - Mzas. 242 a 253 - ""freile""","1335"
"Calle 1336","Humberto Beghin - Mzas. 242 a 253 - ""freile""","1336"
"Calle 1337","Humberto Beghin - Mzas. 242 a 253 - ""freile""","1337"
"Calle 1338","Humberto Beghin - Mzas. 242 a 253 - ""freile""","1338"
"Calle 1339","Humberto Beghin - Mzas. 242 a 253 - ""freile""","1339"
"Calle 1340","Humberto Beghin - Mzas. 242 a 253 - ""freile""","1340"
"Calle 1341","Humberto Beghin - Mzas. 242 a 253 - ""freile""","1341"
"Calle 0818","Humberto Beghin - Oeste Fracción G","818"
"Alberto Blanc","Humberto Beghin - Stella Maris","308"
"Casimiro Pella","Humberto Beghin - Stella Maris","304"
"Eustaquio Molina","Humberto Beghin - Stella Maris","352"
"Fortunato Carante","Humberto Beghin - Stella Maris","303"
"Hugo Manson","Humberto Beghin - Stella Maris","302"
"Ignacio Gatica","Humberto Beghin - Stella Maris","315"
"José a. Pinedo","Humberto Beghin - Stella Maris","306"
"Juan Bilbao","Humberto Beghin - Stella Maris","309"
"Lorenzo Gastaldi","Humberto Beghin - Stella Maris","312"
"Luis Gallino","Humberto Beghin - Stella Maris","311"
"Marcial Riadigos","Humberto Beghin - Stella Maris","313"
"Pedro Colello","Humberto Beghin - Stella Maris","305"
"Calle 0907","Humberto Beghin - Sudeste Mzas. 193 y 216","907"
"Calle 0947","Humberto Beghin - Sudoeste Mza. 188","947"
"Andalucia","Jorge Newbery","633"
"Asturias","Jorge Newbery","168"
"Domingo Savio","Jorge Newbery","499"
"Florida","Jorge Newbery","76"
"Fragata Sarmiento","Jorge Newbery","75"
"Galicia","Jorge Newbery","169"
"Gobernador Costa","Jorge Newbery","500"
"Jorge Newbery","Jorge Newbery","170"
"José Orfelindo García","Jorge Newbery","572"
"Miguel Eloff","Jorge Newbery","171"
"Pasaje La Niña","Jorge Newbery","632"
"Pasaje Piedras","Jorge Newbery","173"
"Pasaje San Antonio","Jorge Newbery","77"
"Paso de los Patos","Jorge Newbery","79"
"Pastor e. Schneider","Jorge Newbery","73"
"Patagonia","Jorge Newbery","522"
"Puerto Moran","Jorge Newbery","644"
"Puerto Pirámide","Jorge Newbery","501"
"Río Chubut","Jorge Newbery","78"
"Ruben a. Torrijos","Jorge Newbery","497"
"Ushuaia","Jorge Newbery","172"
"Pasaje 0576","Jorge Newbery - Entre Mza. 65 y 66","576"
"Pasaje 0874","Jorge Newbery - Entre Mza. 66 y 64","874"
"Pasaje 0574","Jorge Newbery - Entre Mza. 66 y 67","574"
"Pasaje 0873","Jorge Newbery - Entre Mza. 67 y 68","873"
"Pasaje 0571","Jorge Newbery - Entre Mza. 69 y 70","571"
"Pasaje 0570","Jorge Newbery - Entre Mza. 70 y 69","570"
"Pasaje 0567","Jorge Newbery - Entre Mza. 70 y 71","567"
"Pasaje 0569","Jorge Newbery - Entre Mza. 71 y 72","569"
"Pasaje 0676","Jorge Newbery - Entre Mza. 73 y 74","676"
"Pasaje 0664","Jorge Newbery - Entre Mza. 74 y 75","664"
"Pasaje 0665","Jorge Newbery - Entre Mza. 75 y 76","665"
"Pasaje 0899","Jorge Newbery - Entre Mzas. 78 y 79","899"
"Blas Parera","Jorge Newbery - Las Flores","89"
"Islas Malvinas Norte","Jorge Newbery - Las Flores","81"
"La Santa Maria","Jorge Newbery - Las Flores","708"
"La Pinta","Jorge Newbery - Las Flores - La Floresta - San Martín","80"
"Calle 0498","Jorge Newbery - Mza. 121-a y 121-b","498"
"Pasaje 0666","Jorge Newbery - Mza. 121-b y 76","666"
"Pasaje 0673","Jorge Newbery - Mza. 121-b y Sur Mza. 6","673"
"Pasaje 0876","Jorge Newbery - Mza. 155a","876"
"Pasaje 0575","Jorge Newbery - Mza. 66","575"
"Pasaje 0573","Jorge Newbery - Mza. 68","573"
"Pasaje 0577","Jorge Newbery - Mza. 70","577"
"Pasaje 0578","Jorge Newbery - Mza. 70","578"
"Pasaje 0579","Jorge Newbery - Mza. 70","579"
"Pasaje 0678","Jorge Newbery - Mza. 70","678"
"Pasaje 0568","Jorge Newbery - Mza. 71","568"
"Pasaje 0871","Jorge Newbery - Mza. 72","871"
"Pasaje 0984","Jorge Newbery - Mza. 73","984"
"Pasaje 0880","Jorge Newbery - Mza. 74","880"
"Pasaje 0663","Jorge Newbery - Mza. 76","663"
"Pasaje 0875","Jorge Newbery - Mza. 76","875"
"Pasaje 0872","Jorge Newbery - Noroeste Mza. 70","872"
"Pasaje 0549","Jorge Newbery - Norte Mza. 119a","549"
"Pasaje 0662","Jorge Newbery - Oeste Mza. 121-c, 77 y 6","662"
"Pasaje 0529","Jorge Newbery - Oeste Mza. 154-b","529"
"Pasaje 0668","Jorge Newbery - Sur Mza. 121-c","668"
"Pasaje 0667","Jorge Newbery - Sur Mza. 76","667"
"Pasaje 0877","Jorge Newbery - Sur Mza. 76","877"
"Calle 2930","José Castelli - Entre Mzas. 10 y 16","2930"
"Araucanos","José Fuchs","166"
"Bolivia","José Fuchs","136"
"Cabildo","José Fuchs","161"
"Corrientes","José Fuchs","158"
"Cristóbal Colón","José Fuchs","150"
"Diaguitas","José Fuchs","145"
"Falucho","José Fuchs","151"
"Isidro Quiroga","José Fuchs","137"
"Isla de los Estados","José Fuchs","141"
"Isla Escondida","José Fuchs","138"
"Isla Lobos","José Fuchs","156"
"Isla Rasa","José Fuchs","159"
"Isla Viana","José Fuchs","143"
"Islas Blancas","José Fuchs","139"
"Islas Orcadas","José Fuchs","140"
"José Figueroa Alcorta","José Fuchs","154"
"José Gervasio Artigas","José Fuchs","157"
"Nicolás Avellaneda","José Fuchs","153"
"Paraná","José Fuchs","155"
"Patagones","José Fuchs","148"
"Puelches","José Fuchs","165"
"Querandies","José Fuchs","162"
"Santiago de Liniers","José Fuchs","160"
"Suipacha","José Fuchs","152"
"Tacuari","José Fuchs","135"
"Tobas","José Fuchs","147"
"Jujuy","José Fuchs - 13 de Diciembre","163"
"Avenida Juan XXIII","José Fuchs - Ceferino Namuncurá","167"
"Charruas","José Fuchs - Ceferino Namuncurá","164"
"Guaranies","José Fuchs - Ceferino Namuncurá","144"
"Isla Leones","José Fuchs - Ceferino Namuncurá","142"
"Quichuas","José Fuchs - Ceferino Namuncurá","146"
"Juan de Garay","José Fuchs - Humberto Beghin","134"
"Monseñor Miguel de Andrea","José Fuchs - Tte. Gral. Julio a. Roca - Humberto Beghin","291"
"Islas Malvinas Sur","José Fuchs -13 de Diciembre - Ceferino Namuncurá","82"
"Adrian F. Silva","Juan José Castelli","2924"
"Ángel Agustin Llamazares","Juan José Castelli","2921"
"Dionisio Nestor Paez","Juan José Castelli","2967"
"Félix Zarate","Juan José Castelli","2974"
"Hector Raul Gammella","Juan José Castelli","2962"
"Horacio Clemente Robles","Juan José Castelli","2973"
"Joaquin Guerreiro","Juan José Castelli","2929"
"Juan Primitivo Díaz","Juan José Castelli","2923"
"Madre Teresa de Calcuta","Juan José Castelli","2966"
"Mariano Rodríguez","Juan José Castelli","2914"
"Mateo Milkovic","Juan José Castelli","2964"
"Mirco Michunovich","Juan José Castelli","2928"
"Norma Gladys Vosila","Juan José Castelli","2936"
"Remigio Pacheco","Juan José Castelli","2963"
"Sara C. Chocobar","Juan José Castelli","2980"
"Susana Gaitan","Juan José Castelli","2956"
"Vicente Tripodi","Juan José Castelli","2961"
"Virgen de Lourdes","Juan José Castelli","2913"
"Calle 2988","Juan José Castelli - Centro Macizo 121","2988"
"Calle 2922","Juan José Castelli - Entre Mza. 3 y 6","2922"
"Calle 2990","Juan José Castelli - Entre Mzas. 120 y 141","2990"
"Calle 2981","Juan José Castelli - Entre Mzas. 122 a 125 y Parcela 10","2981"
"Calle 2992","Juan José Castelli - Entre Mzas. 122 y 123","2992"
"Calle 2993","Juan José Castelli - Entre Mzas. 123 y 124","2993"
"Calle 2984","Juan José Castelli - Entre Mzas. 123 y 130 a 132","2984"
"Calle 2994","Juan José Castelli - Entre Mzas. 124 a 126","2994"
"Calle 2982","Juan José Castelli - Entre Mzas. 125 y 127","2982"
"Calle 2983","Juan José Castelli - Entre Mzas. 127 y 128","2983"
"Calle 2985","Juan José Castelli - Entre Mzas. 131 y 136","2985"
"Calle 2986","Juan José Castelli - Entre Mzas. 134 y 135","2986"
"Calle 2987","Juan José Castelli - Entre Mzas. 135 y 140","2987"
"Calle 2989","Juan José Castelli - Entre Mzas. 139, 140 y 120","2989"
"Calle 3462","Juan José Castelli - Entre Mzas. 194 y 195","3462"
"Calle 2664","Juan José Castelli - Entre Mzas. 3 y 2","2664"
"Calle 3461","Juan José Castelli - Entre Mzas. 39 y 114","3461"
"Calle 3000","Juan José Castelli - Entre Mzas. 39, 114 y 113","3000"
"Calle 2663","Juan José Castelli - Entre Mzas. 5 y 1","2663"
"Calle 2968","Juan José Castelli - Entre Mzas. 69 y 70","2968"
"Calle 2674","Juan José Castelli - Entre Mzas. 7 y 8","2674"
"Calle 2995","Juan José Castelli - Entre Mzas.126 y 127,131 y 132,139 y 137","2995"
"Calle 2978","Juan José Castelli - Extensión Oeste","2978"
"Calle 2979","Juan José Castelli - Extensión Oeste","2979"
"Calle 2999","Juan José Castelli - Noreste Mzo. 121","2999"
"Calle 2998","Juan José Castelli - Norte Mza. 138","2998"
"Calle 2969","Juan José Castelli - Norte Mzas. 68 y 70","2969"
"Calle 2996","Juan José Castelli - Norte Mzas.127,128, 132 y Mzo. 121","2996"
"Calle 3093","Juan José Castelli - Oeste Mza. 113","3093"
"Calle 3463","Juan José Castelli - Oeste Mzas. 194 y 195","3463"
"Calle 2977","Juan José Castelli - Sector Modificación Noroeste Mza. 16","2977"
"Calle 2927","Juan José Castelli - Sudoeste Mzas. 13 y 16","2927"
"Calle 2991","Juan José Castelli - Sur Mzas. 130 a 140","2991"
"Calle 2997","Juan José Castelli - Sur y Este Mza. 138","2997"
"Carrero Patagónico","Juan XXIII","395"
"Juan Manuel de Rosas","Juan XXIII","396"
"Manuela Pedraza","Juan XXIII","393"
"Raúl Scalabrini Ortiz","Juan XXIII","389"
"Avenida Patricios","Juan XXIII - Maestro Isidro Quiroga","388"
"Diaz Velez","Juan XXIII - Maestro Isidro Quiroga","386"
"Juana Azurduy","Juan XXIII - Maestro Isidro Quiroga","390"
"La Plata","Juan XXIII - Maestro Isidro Quiroga","387"
"Mariano Rodríguez","Juan XXIII - Maestro Isidro Quiroga","391"
"Avenida Congreso","Juan XXIII - Maestro Isidro Quiroga - Mario Abel Amaya","392"
"Del Trabajo","Juan XXIII - San Isidro Labrador","397"
"La Nueva Provincia","Juan XXIII - San Isidro Labrador","394"
"Tres Sargentos","Juan XXIII - San Isidro Labrador","398"
"Carlos Gardel","Teniente General Julio Argentino Roca - Pueyrredon - San Isidro Labrador","239"
"Los Alamos","La Floresta","93"
"Los Nogales","La Floresta","92"
"Los Robles","La Floresta","91"
"Mburucuya","La Floresta","90"
"Pasaje Peatonal 0629","La Floresta - Mza. 662-a y 663","629"
"Pasaje Peatonal 0699","La Floresta - Mzo. 1","699"
"Pasaje Peatonal 0700","La Floresta - Mzo. 1","700"
"Pasaje 0906","La Floresta - Norte Mza. 27","906"
"Calle 0712","La Floresta - Norte Mza. 641 Bis","712"
"Calle 0701","La Floresta - Oeste Mza. 28","701"
"Las Orquídeas","La Floresta - San Martín","94"
"Calle 0628","La Floresta - Sur Mza. 663","628"
"Acapulco","Laprida","2012"
"Alaska","Laprida","2034"
"Antofagasta","Laprida","2037"
"Bahía","Laprida","2023"
"Bogotá","Laprida","2036"
"Brasilia","Laprida","2033"
"Cadiz","Laprida","2030"
"Cali","Laprida","2043"
"Caracas","Laprida","2003"
"Chuquisaca","Laprida","2042"
"Colombia","Laprida","2025"
"Costa Rica","Laprida","2009"
"Cuba","Laprida","2038"
"Cuzco","Laprida","2011"
"Dionisio Estanislao Navarro","Laprida","2044"
"Domingo Perea","Laprida","2051"
"Ecuador","Laprida","2019"
"El Salvador","Laprida","2018"
"Guatemala","Laprida","2022"
"Haiti","Laprida","2021"
"Honduras","Laprida","2006"
"Horacio Peralta","Laprida","2047"
"Ignacio Koening","Laprida","2053"
"Jamaica","Laprida","2014"
"Jesus Matías","Laprida","2050"
"Jorge Troncoso","Laprida","2046"
"La Habana","Laprida","2008"
"La Paz","Laprida","2031"
"Lima","Laprida","2035"
"Managua","Laprida","2016"
"Martinica","Laprida","2032"
"Montevideo","Laprida","2027"
"Nicaragua","Laprida","2007"
"Nueva York","Laprida","2001"
"Ottawa","Laprida","2040"
"Paraguay","Laprida","2028"
"Pasaje México","Laprida","2004"
"Pasaje Peatonal Madrid","Laprida","2020"
"Pasaje Peatonal Panamá","Laprida","2024"
"Pasaje República Dominicana","Laprida","2029"
"Paysandú","Laprida","2010"
"Perú","Laprida","2017"
"Potosí","Laprida","2041"
"Quito","Laprida","2026"
"Río de Janeiro","Laprida","2002"
"Saberio Ivanovich","Laprida","2052"
"Santiago","Laprida","2005"
"Sucre","Laprida","2013"
"Tinogasta","Laprida","2045"
"Valparaiso","Laprida","2015"
"Washington","Laprida","2039"
"Pasaje Peatonal 2057","Laprida - Entre Mzas. 57 y 61","2057"
"Pasaje 2049","Laprida - Entre Mzas. 64 y 65","2049"
"Calle 2056","Laprida - Entre Mzas. 9 y 77 (pcia.)","2056"
"Calle 2055","Laprida - Este 93","2055"
"Calle 2054","Laprida - Este Mza. 98","2054"
"Pasaje Peatonal 2048","Laprida - Mza. 51","2048"
"Camino de la Virgen del Valle","Laprida -manantial Rosales -sarmiento -güemes -j.j. Castelli","2650"
"Araucarias Norte","Las Flores","672"
"Los Ajenjos","Las Flores","85"
"Los Aromos","Las Flores","83"
"Los Pinos","Las Flores","84"
"Pasaje Puerto Deseado","Las Flores","580"
"Pasaje Quilmes","Las Flores","524"
"Pasaje Triunvirato","Las Flores","86"
"Carabelas","Las Flores - La Floresta","88"
"Granaderos","Las Flores - La Floresta - San Martín","95"
"Pasaje 0669","Las Flores - Mza. 627","669"
"23 de Septiembre","Las Orquídeas","1575"
"4 de Noviembre","Las Orquídeas","1578"
"Andrés Orive","Las Orquídeas","1635"
"Antonio Valeff","Las Orquídeas","1570"
"Baldomero Terraza","Las Orquídeas","1576"
"Benito Quinquela Martín","Las Orquídeas","1640"
"Celedonio Díaz","Las Orquídeas","1572"
"Dean Funes","Las Orquídeas","1556"
"Félix Sanfedele","Las Orquídeas","1532"
"Florencio Humphreys","Las Orquídeas","1557"
"Gregoria Silva de Bakirdgis","Las Orquídeas","1638"
"Juan del Puente","Las Orquídeas","1628"
"Juan Zabalo","Las Orquídeas","1577"
"Julio Cortázar","Las Orquídeas","1574"
"La Luisa","Las Orquídeas","1636"
"Las Bandurrias","Las Orquídeas","1679"
"Las Liebres","Las Orquídeas","1693"
"Los Albatros","Las Orquídeas","1677"
"Los Cauquenes","Las Orquídeas","1681"
"Los Choiques","Las Orquídeas","1684"
"Los Cormoranes","Las Orquídeas","1676"
"Los Delfines","Las Orquídeas","1694"
"Los Ferroviarios","Las Orquídeas","1571"
"Los Flamencos","Las Orquídeas","1675"
"Los Gorriones","Las Orquídeas","1680"
"Los Inmigrantes","Las Orquídeas","1533"
"Los Petroleros","Las Orquídeas","1569"
"Los Pingüinos","Las Orquídeas","1683"
"Los Pumas","Las Orquídeas","1674"
"Los Sargentos","Las Orquídeas","1573"
"Los Teros","Las Orquídeas","1685"
"Los Zorros","Las Orquídeas","1678"
"Renee Angela Bassi","Las Orquídeas","1637"
"Santamaría","Las Orquídeas","1568"
"Soldado Argentino","Las Orquídeas","1531"
"Calle 1629","Las Orquídeas - "" Extensión 1 ""","1629"
"Calle 1630","Las Orquídeas - "" Extensión 1 ""","1630"
"Calle 1631","Las Orquídeas - "" Extensión 1 ""","1631"
"Calle 1632","Las Orquídeas - "" Extensión 1 ""","1632"
"Calle 1633","Las Orquídeas - "" Extensión 1 ""","1633"
"Calle 1634","Las Orquídeas - "" Extensión 1 ""","1634"
"Calle 1639","Las Orquídeas - "" Extensión 1 ""","1639"
"Calle 1669","Las Orquídeas - "" Extensión 2 ""","1669"
"Calle 1670","Las Orquídeas - "" Extensión 2 ""","1670"
"Calle 1671","Las Orquídeas - "" Extensión 2 ""","1671"
"Calle 1672","Las Orquídeas - "" Extensión 2 ""","1672"
"Calle 1692","Las Orquídeas - Entre Mzas. 168, 169 y 174","1692"
"Calle 1691","Las Orquídeas - Entre Mzas. 169, 172 y 173 (circ. 4 - Sector 8)","1691"
"Calle 1689","Las Orquídeas - Entre Mzas. 171 y 170 (circ. 4 - Sector 8)","1689"
"Calle 1688","Las Orquídeas - Entre Mzas. 172 y 171 (circ. 4 - Sector 8)","1688"
"Calle 1687","Las Orquídeas - Entre Mzas. 173 y 172 (circ. 4 - Sector 8)","1687"
"Calle 1686","Las Orquídeas - Entre Mzas. 174 y 173 (circ. 4 - Sector 8)","1686"
"Calle 1787","Las Orquídeas - Entre Mzas. 196 y 90","1787"
"Pedro Granzón","Las Orquídeas - Nicolás Rodríguez Peña","1584"
"Rosario Vera Peñaloza","Las Orquídeas - Nicolás Rodríguez Peña","1619"
"Calle 1791","Las Orquídeas - Norte Mza. 162","1791"
"Calle 1690","Las Orquídeas - Norte Mzas. 169 a 171 (circ. 4 - Sector 8)","1690"
"Calle 1790","Las Orquídeas - Oeste Mza. 162","1790"
"Antonio Berni","Los Arenales","3286"
"Antonio Fernando Corrales","Los Arenales","3281"
"Doctor Eduardo Napolitani","Los Arenales","3283"
"Faro Chubut","Los Arenales","3450"
"Faro Quequén","Los Arenales","3375"
"Faro San Sebastián","Los Arenales","3449"
"Faro Santa Cruz","Los Arenales","3448"
"Gerardo Van-heerden","Los Arenales","3279"
"Gustavo Cerati","Los Arenales","3139"
"Joaquin Alonso","Los Arenales","3288"
"Luis Alberto Blanco","Los Arenales","3280"
"Maria Rosa López","Los Arenales","3287"
"Narciso Esponda","Los Arenales","3282"
"Nicolás Esandi","Los Arenales","3285"
"Oscar Poltronieri","Los Arenales","3284"
"Pasaje Carlos Contraalmirante Robacio","Los Arenales","3119"
"Faro Esperanza","Los Arenales - Acceso Sur - Loteos Linderos.","3275"
"Faro Magallanes","Los Arenales - Acceso Sur - Loteos Linderos.","3276"
"Julio Canavesio","Los Arenales - El Atardecer","3278"
"Alfonso Sánchez","Los Bretes","930"
"Alfredo Morales","Los Bretes","931"
"Amalia Grosso","Los Bretes","945"
"Ana Herrera","Los Bretes","938"
"Armando Cistari","Los Bretes","927"
"Daniel Macias","Los Bretes","932"
"Doctor Alberto Poretti","Los Bretes","925"
"Doctor Alfonso Nieva","Los Bretes","929"
"Doctor Benito Espona","Los Bretes","934"
"Doctor Hugo Ambrán","Los Bretes","936"
"Elena Doctora Ibarra","Los Bretes","944"
"Estanislao Millis","Los Bretes","928"
"Guillermo Kirn","Los Bretes","941"
"Hugo Ubieda","Los Bretes","933"
"Israel Slikerman","Los Bretes","943"
"Jorgelina Rearte","Los Bretes","940"
"Nelida Noemi Bosch","Los Bretes","935"
"Osberto Morales","Los Bretes","937"
"Ramona Fernández de Carrusca","Los Bretes","942"
"Ruben e. Mayor Cuny","Los Bretes","939"
"Vicente Hidalgo","Los Bretes","926"
"Pedro Aldo Cracco","Los Bretes - Acceso Sur","946"
"Cabo 2º Julio Omar Benítez","Maestro Isidro Quiroga","446"
"Cerro Bella Vista","Maestro Isidro Quiroga","587"
"Cerro Blanco","Maestro Isidro Quiroga","582"
"Cerro Colorado","Maestro Isidro Quiroga","581"
"Cerro Melillan","Maestro Isidro Quiroga","693"
"Cerro Negro","Maestro Isidro Quiroga","585"
"Cerro San Bernardo","Maestro Isidro Quiroga","584"
"Cerro Solo","Maestro Isidro Quiroga","583"
"Doctor José Raul Rementería","Maestro Isidro Quiroga","445"
"Guillermo Hugo García","Maestro Isidro Quiroga","442"
"Raúl Ricardo Romero","Maestro Isidro Quiroga","443"
"Sargento Ayudante Gumersindo Acosta","Maestro Isidro Quiroga","450"
"Sargento Sergio Ismael García","Maestro Isidro Quiroga","447"
"Teniente José Daniel 1º Vázquez","Maestro Isidro Quiroga","444"
"Lorenzo Rognetta","Maestro Isidro Quiroga - Cordon Forestal ""j.m. Feeney""","689"
"Ricardo Tora","Maestro Isidro Quiroga - Cordón Forestal Juan Manuel Feeney","586"
"Calle 0896","Maestro Isidro Quiroga - Macizo 8","896"
"Calle 0897","Maestro Isidro Quiroga - Macizo 8","897"
"Cabo Principal Carlos a. Valdez","Maestro Isidro Quiroga - Mñor. Argimiro Daniel Moure","448"
"Carlos Campos","Maestro Isidro Quiroga - Mñor. Argimiro Daniel Moure","615"
"Jorge Eduardo Marinero López","Maestro Isidro Quiroga - Mñor. Argimiro Daniel Moure","449"
"José Honorio Ortega","Maestro Isidro Quiroga - Mñor. Argimiro Daniel Moure","441"
"Amanecer","Malvinas Argentinas","3208"
"Calle 3110","Malvinas Argentinas","3110"
"Calle 3113","Malvinas Argentinas","3113"
"Calle 3114","Malvinas Argentinas","3114"
"Calle 3115","Malvinas Argentinas","3115"
"Calle 3116","Malvinas Argentinas","3116"
"Calle 3117","Malvinas Argentinas","3117"
"Calle 3118","Malvinas Argentinas","3118"
"Calle 3211","Malvinas Argentinas","3211"
"Calle 3214","Malvinas Argentinas","3214"
"Calle 3217","Malvinas Argentinas","3217"
"Calle 3218","Malvinas Argentinas","3218"
"Calle 3219","Malvinas Argentinas","3219"
"Calle 3220","Malvinas Argentinas","3220"
"Calle 3221","Malvinas Argentinas","3221"
"Calle 3222","Malvinas Argentinas","3222"
"Gabriel Jesus Perea","Malvinas Argentinas","3112"
"Hector Lebon","Malvinas Argentinas","3212"
"Juan Carlos Duval","Malvinas Argentinas","3210"
"Ocaso","Malvinas Argentinas","3209"
"Ruperto Rasgido","Malvinas Argentinas","3213"
"Soldado Arnaldo Enrique Zabala","Malvinas Argentinas","3205"
"Soldado Eduardo Sosa","Malvinas Argentinas","3200"
"Soldado Fabricio Edgar Carrascull","Malvinas Argentinas","3206"
"Soldado Horacio Giraudo","Malvinas Argentinas","3207"
"Soldado Ramón Ángel Cabrera","Malvinas Argentinas","3201"
"Soldado Ricardo Andrés Austin","Malvinas Argentinas","3202"
"Soldado Sergio Nosikoski","Malvinas Argentinas","3204"
"Soldado Simón Oscar Antieco","Malvinas Argentinas","3203"
"Teniente 1º Roberto Remi Sosa","Malvinas Argentinas","3215"
"Teodolindo Ramírez","Malvinas Argentinas","3216"
"Calle 3419","Malvinas Argentinas - Entre Mza. 95 y Parcela 18","3419"
"Calle 3476","Malvinas Argentinas - Entre Mzas. 113 y 115","3476"
"Calle 3475","Malvinas Argentinas - Entre Mzas. 114 y 115","3475"
"Calle 1401","Malvinas Argentinas - Entre Mzas. 129 y 130","1401"
"Calle 1402","Malvinas Argentinas - Entre Mzas. 130 y 131","1402"
"Calle 3444","Malvinas Argentinas - Entre Mzo. 69 y Mza. 110","3444"
"Calle 3445","Malvinas Argentinas - Entre Mzo. 69, Mzas. 109 y 111","3445"
"Calle 3442","Malvinas Argentinas - Entre Mzo. 73 y Mza. 108","3442"
"Calle 1403","Malvinas Argentinas - Noreste Mzas. 129 a 131","1403"
"Calle 3446","Malvinas Argentinas - Oeste Mzo. 101","3446"
"Ana Aguilar","Manantial Rosales","2616"
"Ana Andrade","Manantial Rosales","2609"
"Antonio Dias","Manantial Rosales","2612"
"Antonio López","Manantial Rosales","2618"
"Atilio Morales","Manantial Rosales","2613"
"Braulio Almonacid","Manantial Rosales","2617"
"Eduardo Morales","Manantial Rosales","2602"
"Guillermo Aguilar","Manantial Rosales","2620"
"Guillermo Pino","Manantial Rosales","2615"
"Jorge Blachakis","Manantial Rosales","2604"
"José Alvarado","Manantial Rosales","2610"
"José Ávila","Manantial Rosales","2607"
"José Berardo Álvarez","Manantial Rosales","2625"
"José Do Brito","Manantial Rosales","2603"
"Juana Alemán","Manantial Rosales","2606"
"Lizardo Rios","Manantial Rosales","2621"
"Manuel Norte","Manantial Rosales","2614"
"Mieczyslaw Frydlewics","Manantial Rosales","2605"
"Oscar Dentino","Manantial Rosales","2601"
"Pedro Cárdenas","Manantial Rosales","2619"
"Pedro Zerbo","Manantial Rosales","2611"
"Raúl Ulloa","Manantial Rosales","2608"
"Serafín Pérez","Manantial Rosales","2622"
"Calle 2626","Manantial Rosales - Entre Fracción 4 y Mza. 65","2626"
"Calle 2627","Manantial Rosales - Entre Mzas. 19 y 66","2627"
"Calle 2657","Manantial Rosales - Entre Mzas. 72 y 73","2657"
"Calle 2658","Manantial Rosales - Entre Mzas. 73 y 74","2658"
"Calle 2629","Manantial Rosales - Este Mza. 67","2629"
"Calle 2632","Manantial Rosales - Este Mza. 70","2632"
"Calle 2662","Manantial Rosales - Este Mzas. 75 y 76","2662"
"Calle 2645","Manantial Rosales - Este Mzo. 71","2645"
"Calle 2623","Manantial Rosales - Noreste Fracción 1","2623"
"Calle 2671","Manantial Rosales - Noreste Mza. 24 (pcia.)","2671"
"Calle 2634","Manantial Rosales - Noreste Mza. 58","2634"
"Calle 2672","Manantial Rosales - Noreste Mza. 64 (pcia.)","2672"
"Calle 2670","Manantial Rosales - Noroeste Frac. 17 (mza. 24 - Pcia.)","2670"
"Calle 2635","Manantial Rosales - Noroeste Mza. 58","2635"
"Calle 2628","Manantial Rosales - Noroeste Mza. 66","2628"
"Calle 2631","Manantial Rosales - Norte Mza. 70","2631"
"Calle 2660","Manantial Rosales - Norte Mzas. 72 a 74","2660"
"Calle 2633","Manantial Rosales - Oeste Mza. 70","2633"
"Calle 2656","Manantial Rosales - Oeste Mza. 72","2656"
"Calle 2659","Manantial Rosales - Oeste Mza. 74","2659"
"Calle 2624","Manantial Rosales - Sudeste Mza. 2","2624"
"Calle 2679","Manantial Rosales - Sudeste Parcela 23","2679"
"Calle 2636","Manantial Rosales - Sudoeste Mza. 58","2636"
"Calle 2625","Manantial Rosales - Sur Mza. 63","2625"
"Calle 2630","Manantial Rosales - Sur Mza. 70","2630"
"Calle 2661","Manantial Rosales - Sur Mzas. 72 a 74","2661"
"Antonio Ostoich","Mario Abel Amaya","490"
"Antonio Purins","Mario Abel Amaya","702"
"Blas José Rodríguez","Mario Abel Amaya","488"
"Fernando Campillay","Mario Abel Amaya","477"
"Iris Morgan","Mario Abel Amaya","491"
"Jorge Reyes","Mario Abel Amaya","489"
"Juan Mercorelli","Mario Abel Amaya","484"
"Lorenzo Marchetti","Mario Abel Amaya","486"
"Luis Alassia","Mario Abel Amaya","485"
"Nicolás Ramón Don Ragni","Mario Abel Amaya","474"
"Pilar de Moiron","Mario Abel Amaya","487"
"Ramón Ángel Coliboro","Mario Abel Amaya","471"
"Santiago Busnadiego","Mario Abel Amaya","483"
"Reverendo Padre Juan Corti","Mario Abel Amaya - Cordón Forestal Juan Manuel Feeney","482"
"Calle 0472","Mario Abel Amaya - Entre Mza. 127 y 128","472"
"Calle 0473","Mario Abel Amaya - Entre Mza. 128 y 129","473"
"Calle 0475","Mario Abel Amaya - Entre Mza. 130 y 131","475"
"Calle 0476","Mario Abel Amaya - Entre Mza. 131 y 132","476"
"Calle 0481","Mario Abel Amaya - Entre Mza. 136 y 137","481"
"Calle 0853","Mario Abel Amaya - Entre Mza. 54 y 63","853"
"Calle 0857","Mario Abel Amaya - Entre Mza. 57 y 59","857"
"Pasaje 1324","Mario Abel Amaya - Entre Mzas. 64 y 77","1324"
"Calle 0858","Mario Abel Amaya - Entre Mzas. 67 y 66","858"
"Pasaje 1322","Mario Abel Amaya - Entre Mzas. 75 y 76","1322"
"Pasaje 1323","Mario Abel Amaya - Entre Mzas. 77 y 78","1323"
"Calle 0854","Mario Abel Amaya - Entre Mzo. 60 y Mza. 61","854"
"Calle 0480","Mario Abel Amaya - Lado Este Mza. 137","480"
"Calle 0478","Mario Abel Amaya - Lado Este Mza. 141","478"
"Calle 0479","Mario Abel Amaya - Lado Oeste Mza. 141","479"
"Calle 0843","Mario Abel Amaya - Mza. 149","843"
"Calle 0855","Mario Abel Amaya - Mzo. 60","855"
"Calle 0856","Mario Abel Amaya - Mzo. 60 y Mza. 61","856"
"Calle 0982","Mario Abel Amaya - Noreste Mza. 27 - Extensión Sudeste","982"
"Pasaje Peatonal 0983","Mario Abel Amaya - Norte Mza. 27 - Extensión Sudeste","983"
"Calle 0909","Mario Abel Amaya - Sudeste Mza. 64","909"
"Calle 0985","Mario Abel Amaya - Sudeste y Sur Mza. 64 - Extensión Sudeste","985"
"Calle 0986","Mario Abel Amaya - Sudeste y Sur Mza. 64 - Extensión Sudeste","986"
"Calle 0987","Mario Abel Amaya - Sudeste y Sur Mza. 64 - Extensión Sudeste","987"
"Calle 0988","Mario Abel Amaya - Sudeste y Sur Mza. 64 - Extensión Sudeste","988"
"Calle 0981","Mario Abel Amaya - Sudoeste Mza. 27 - Extensión Sudeste","981"
"Calle 0910","Mario Abel Amaya - Sur Mza. 27","910"
"Calle 0860","Mario Abel Amaya - Sur Mza. 67 y 66","860"
"Adela Small","Máximo Abasolo","403"
"Adoración García","Máximo Abasolo","418"
"Alfredo Adjuar","Máximo Abasolo","433"
"Andrés Chazarreta","Máximo Abasolo","416"
"Aníbal Troilo","Máximo Abasolo","413"
"Camarones","Máximo Abasolo","602"
"Cholila","Máximo Abasolo","595"
"Corintos","Máximo Abasolo","405"
"Cushamen","Máximo Abasolo","596"
"Donald Borsella","Máximo Abasolo","417"
"Escalante","Máximo Abasolo","604"
"Eva Duarte","Máximo Abasolo","425"
"Felicidad Hernández","Máximo Abasolo","420"
"Felipe Porcel","Máximo Abasolo","408"
"Florencio Parraviccini","Máximo Abasolo","411"
"Gastre","Máximo Abasolo","601"
"Ignacio Rucci","Máximo Abasolo","423"
"Jaime Dávalos","Máximo Abasolo","430"
"Jaime Florit","Máximo Abasolo","415"
"Jorge Cafrune","Máximo Abasolo","410"
"Juan Carlos Altavista","Máximo Abasolo","432"
"Las Plumas","Máximo Abasolo","599"
"Los Ciruelos","Máximo Abasolo","453"
"Los Damascos","Máximo Abasolo","399"
"Luis Sandrini","Máximo Abasolo","431"
"Margarita Palacios","Máximo Abasolo","419"
"Oliverio Girondo","Máximo Abasolo","414"
"Oreste Franzoni","Máximo Abasolo","401"
"Placido Glatigni","Máximo Abasolo","406"
"Puerto Madryn","Máximo Abasolo","603"
"Ramón Lorenzo","Máximo Abasolo","424"
"Roberto Goyeneche","Máximo Abasolo","807"
"Tecka","Máximo Abasolo","597"
"Telsen","Máximo Abasolo","598"
"Timoteo P. Ortego","Máximo Abasolo","429"
"Concejal Carmen N. Caperochipi","Máximo Abasolo - Cordon Forestal ""juan M. Feeney""","705"
"Forjadoras Patagónicas","Máximo Abasolo - Cordon Forestal ""juan M. Feeney""","600"
"Calle 0810","Máximo Abasolo - Entre Mza. 132 y 133","810"
"Calle 0564","Máximo Abasolo - Entre Mza. 140 y 147","564"
"Calle 0646","Máximo Abasolo - Entre Mza. 150 y 153","646"
"Calle 0648","Máximo Abasolo - Entre Mza. 151 y 152","648"
"Calle 0679","Máximo Abasolo - Entre Mza. 168 y 169","679"
"Calle 0681","Máximo Abasolo - Entre Mza. 171 y Mzo. 172","681"
"Calle 0683","Máximo Abasolo - Entre Mza. 174 y 175","683"
"Calle 0682","Máximo Abasolo - Entre Mza. 174 y Mzo. 172","682"
"Calle 0757","Máximo Abasolo - Entre Mza. 175 y 182","757"
"Calle 0686","Máximo Abasolo - Entre Mza. 177 y 178","686"
"Calle 0685","Máximo Abasolo - Entre Mza. 177 y 181","685"
"Calle 0759","Máximo Abasolo - Entre Mza. 179 y 180","759"
"Calle 0761","Máximo Abasolo - Entre Mza. 181 y 182","761"
"Calle 0680","Máximo Abasolo - Entre Mza. 29 y 137","680"
"Calle 0566","Máximo Abasolo - Entre Mza. 81 y 149 - Zona sin Mensura","566"
"Pasaje Peatonal 1348","Máximo Abasolo - Entre Mzas. 141 y 142","1348"
"Calle 0975","Máximo Abasolo - Entre Mzas. 150 y 154","975"
"Calle 0977","Máximo Abasolo - Entre Mzas. 151 y 152","977"
"Calle 0976","Máximo Abasolo - Entre Mzas. 153 y 154","976"
"Calle 0991","Máximo Abasolo - Este Mza. 108 (pcia.)","991"
"Calle 0565","Máximo Abasolo - Este Mza. 140","565"
"Pasaje Peatonal 0607","Máximo Abasolo - Mza. 143 y 144","607"
"Pasaje 0521","Máximo Abasolo - Mza. 5-b","521"
"Calle 0992","Máximo Abasolo - Mzo. 4 (pcia.)","992"
"Calle 0763","Máximo Abasolo - Norte Mza. 139","763"
"Calle 0608","Máximo Abasolo - Norte Mza. 143 a 146","608"
"Calle 0647","Máximo Abasolo - Norte Mza. 150 a 175","647"
"Calle 0758","Máximo Abasolo - Norte Mza. 177 y 178","758"
"Calle 0760","Máximo Abasolo - Norte Mza. 180 a 182","760"
"Calle 0863","Máximo Abasolo - Oeste Mza. 139","863"
"Calle 0687","Máximo Abasolo - Oeste Mza. 178 a 180","687"
"Antonio Garces","Máximo Abasolo - San Cayetano","422"
"Bruno Pieragnoli","Máximo Abasolo - San Cayetano","409"
"Carlos O'donell","Máximo Abasolo - San Cayetano","400"
"Cospi","Máximo Abasolo - San Cayetano","412"
"Héctor Cámpora","Máximo Abasolo - San Cayetano","402"
"Hugo del Carril","Máximo Abasolo - San Cayetano","407"
"Juan Luckiewics","Máximo Abasolo - San Cayetano","421"
"Mahuida","Máximo Abasolo - San Cayetano","426"
"Ricardo Balbin","Máximo Abasolo - San Cayetano","404"
"Roque Timoteo Varela","Máximo Abasolo - San Martín","645"
"Calle 0764","Máximo Abasolo - Sin Mensura - Norte Mza. 139","764"
"Calle 0824","Máximo Abasolo - Sur Mza. 129","824"
"Calle 0684","Máximo Abasolo - Sur Mza. 174 y 175","684"
"Calle 0966","Mñor. Argimiro Daniel Moure - Entre Mzas. 37, 38 y 39","966"
"Calle 0965","Mñor. Argimiro Daniel Moure - Entre Mzas. 38 y 39","965"
"Monseñor Enrique Angelelli","Mñor. Argimiro Daniel Moure - Maestro Isidro Quiroga","653"
"Antonio Manuel Dominguez","Monseñor Argimiro Daniel Moure","694"
"Juan Antonio Almonacid","Monseñor Argimiro Daniel Moure","840"
"Julio Lecumberry","Monseñor Argimiro Daniel Moure","652"
"Marcelo Berbel","Monseñor Argimiro Daniel Moure","613"
"Miguel Amado","Monseñor Argimiro Daniel Moure","616"
"Monseñor Jaime Francisco de Nevares","Monseñor Argimiro Daniel Moure","614"
"Renzo Adami","Monseñor Argimiro Daniel Moure","612"
"Calle 0765","Monseñor Argimiro Daniel Moure - Entre Mza. 23 y 24","765"
"Calle 0844","Monseñor Argimiro Daniel Moure - Entre Mza. 25, 27 y 29","844"
"Calle 0829","Monseñor Argimiro Daniel Moure - Entre Mza. 27 y 32","829"
"Calle 0848","Monseñor Argimiro Daniel Moure - Entre Mza. 32 y 31","848"
"Pasaje 0842","Monseñor Argimiro Daniel Moure - Entre Mza. 33 y 34","842"
"Adolfo Arigoni","Monseñor Argimiro Daniel Moure - San Cayetano","493"
"Gustavo Bahamonde","Monseñor Argimiro Daniel Moure - San Cayetano","550"
"Wilfredo Andrade","Monseñor Argimiro Daniel Moure - San Cayetano","492"
"Calle 0830","Monseñor Argimiro Daniel Moure - Sur >mzas. 34, 35 y 1","830"
"Estanislao Mercado","Nan","903"
"Alfredo Sahdi","Nicolás Rodríguez Peña","1564"
"Alsina Mussaglia","Nicolás Rodríguez Peña","2903"
"Arsen Lucoff","Nicolás Rodríguez Peña","2912"
"Benjamin Rollan","Nicolás Rodríguez Peña","1567"
"Calixto Oyuela","Nicolás Rodríguez Peña","2907"
"Crucero A.r.a. General Belgrano","Nicolás Rodríguez Peña","2905"
"Eduardo Cabezas","Nicolás Rodríguez Peña","1565"
"Enrique Pontecorvo","Nicolás Rodríguez Peña","2938"
"Florencio Maliqueo","Nicolás Rodríguez Peña","2937"
"Florencio Molina Campos","Nicolás Rodríguez Peña","1566"
"Homero Manzi","Nicolás Rodríguez Peña","2910"
"Jesus Salich","Nicolás Rodríguez Peña","2955"
"Joaquin V. González","Nicolás Rodríguez Peña","2908"
"José Gregorio Merlino","Nicolás Rodríguez Peña","2965"
"Juan Isidro Castro","Nicolás Rodríguez Peña","2953"
"Luis Alberto González Basaldua","Nicolás Rodríguez Peña","1586"
"Luis Ángel Flores","Nicolás Rodríguez Peña","3483"
"Miguel Peña","Nicolás Rodríguez Peña","2902"
"Pedro Galleguillos","Nicolás Rodríguez Peña","2954"
"República Argentina","Nicolás Rodríguez Peña","2906"
"Rodolfo Rivarola","Nicolás Rodríguez Peña","2911"
"Roman Esciolaza","Nicolás Rodríguez Peña","1585"
"Santos Solevski","Nicolás Rodríguez Peña","2642"
"Vicente Calderon","Nicolás Rodríguez Peña","2909"
"Yacimiento Bella Vista","Nicolás Rodríguez Peña","3095"
"Yacimiento Cañadón Seco","Nicolás Rodríguez Peña","3096"
"Yacimiento el Trebol","Nicolás Rodríguez Peña","3100"
"Yacimiento Escalante","Nicolás Rodríguez Peña","3098"
"Yacimiento los Perales","Nicolás Rodríguez Peña","3094"
"Yacimiento Manantiales Behr","Nicolás Rodríguez Peña","3097"
"Yacimiento Pico Truncado","Nicolás Rodríguez Peña","3099"
"Calle 2673","Nicolás Rodríguez Peña - Entre Fracción 101 y Parcela 5 (pcia.)","2673"
"Calle 3098","Nicolás Rodríguez Peña - Entre Mzas. 201 a 206","3098"
"Calle 3100","Nicolás Rodríguez Peña - Entre Mzas. 201-202-204-205-207","3100"
"Calle 3099","Nicolás Rodríguez Peña - Entre Mzas. 202-203-205-206-208","3099"
"Calle 3097","Nicolás Rodríguez Peña - Entre Mzas. 204 a 209","3097"
"Calle 3096","Nicolás Rodríguez Peña - Entre Mzas. 207 a 212","3096"
"Calle 3095","Nicolás Rodríguez Peña - Entre Mzas. 210 a 215","3095"
"Calle 2651","Nicolás Rodríguez Peña - Entre Mzas. 224 a 227","2651"
"Calle 2652","Nicolás Rodríguez Peña - Entre Mzas. 225 y 226","2652"
"Pasaje 2655","Nicolás Rodríguez Peña - Entre Mzas. 227, 69 y 228, 70","2655"
"Calle 2654","Nicolás Rodríguez Peña - Norte Mza. 225","2654"
"Calle 2644","Nicolás Rodríguez Peña - Norte Parc. 10 y 12 - Mzo. 145","2644"
"Calle 2653","Nicolás Rodríguez Peña - Oeste Mzas. 224 y 225","2653"
"Pasaje 2665","Nicolás Rodríguez Peña - Sudeste Mza. 62","2665"
"Pasaje 2666","Nicolás Rodríguez Peña - Sudoeste Mza. 62","2666"
"Calle 3094","Nicolás Rodríguez Peña - Sur Mzas. 213 a 215","3094"
"Calle 2643","Nicolás Rodríguez Peña - Suroeste Mza. 142","2643"
"Calle 3232","Noroeste Bº Cuarteles Chacabuco","3232"
"Calle 1244","Nuestra Señora de la Divina Providencia - Entre Mza. 60 y 61","1244"
"Calle 1301","Nuestra Señora de la Divina Providencia - Noreste Mza. 32","1301"
"Calle 1275","Nuestra Señora de la Divina Providencia - Noroeste Mza. 32","1275"
"Alberto Toussaint","Nuestra Señora de la Divina Providencia","1137"
"Alfaro Palacios","Nuestra Señora de la Divina Providencia","1148"
"Andrés Cortez","Nuestra Señora de la Divina Providencia","1149"
"Andrés López","Nuestra Señora de la Divina Providencia","1150"
"Antonio Isaias Carrizo","Nuestra Señora de la Divina Providencia","1132"
"Carlos Rodríguez Gallardo","Nuestra Señora de la Divina Providencia","1145"
"Doctor Manuel Sueiro","Nuestra Señora de la Divina Providencia","1133"
"Federico Urigo","Nuestra Señora de la Divina Providencia","1147"
"Florencio Pol","Nuestra Señora de la Divina Providencia","1134"
"Francisco Luque","Nuestra Señora de la Divina Providencia","1136"
"Francisco Rosa Cristina","Nuestra Señora de la Divina Providencia","1138"
"Jorge González","Nuestra Señora de la Divina Providencia","1144"
"José Szymanski","Nuestra Señora de la Divina Providencia","1142"
"Luis Croce","Nuestra Señora de la Divina Providencia","1141"
"Manuel Vergel Lazaro","Nuestra Señora de la Divina Providencia","1160"
"Máximo Campos","Nuestra Señora de la Divina Providencia","1143"
"Oscar Cosentino","Nuestra Señora de la Divina Providencia","1146"
"Padre Marcelino Ribotta","Nuestra Señora de la Divina Providencia","1123"
"Sabino Freile","Nuestra Señora de la Divina Providencia","1135"
"Pasaje Peatonal 1175","Nuestra Señora de la Divina Providencia - Entre Mzas. 4, 5 y 7","1175"
"Calle 1199","Nuestra Señora de la Divina Providencia - Sur Mza. 31","1199"
"Pasaje 1274","Nuestra Sra. de la Divina Providencia - Sudoeste Mza. 32","1274"
"Bahía Solano","Padre Juan Corti","1964"
"Cerro Cazadero","Padre Juan Corti","1968"
"Cerro Domuyo","Padre Juan Corti","1975"
"Cerro El Cóndor","Padre Juan Corti","1970"
"Cerro Hermitte","Padre Juan Corti","1965"
"Cerro Mercedario","Padre Juan Corti","1967"
"Cerro Ojos del Salado","Padre Juan Corti","1972"
"Cerro Torre","Padre Juan Corti","1974"
"Cerro Tres Cruces","Padre Juan Corti","1966"
"Monte Pissis","Padre Juan Corti","1973"
"Puerto Visser","Padre Juan Corti","1969"
"Cerro El Dedal","Padre Juan Corti - Ciudadela","1976"
"Cerro La Plata","Padre Juan Corti - Ciudadela","1971"
"Calle 1957","Padre Juan Corti - Sector Sudoeste Mza. a","1957"
"Calle 1995","Padre Juan Corti - Sudeste Mza. 67","1995"
"Calle 3352","Parque Industrial ""com. Riv."" - Entre Mzas. 27 y 28","3352"
"Calle 1345","Parque Industrial Comodoro Riv. - Entre Mza. 31 y Fracción 21","1345"
"Calle 3124","Parque Industrial Comodoro Riv. - Fracción Ivc - Remanente","3124"
"Calle 3125","Parque Industrial Comodoro Riv. - Fracción Ivc - Remanente","3125"
"Calle 3126","Parque Industrial Comodoro Riv. - Fracción Ivc - Remanente","3126"
"Calle 3237","Parque Industrial Comodoro Riv. - Norte Mzos. 5 y 6","3237"
"Calle 3238","Parque Industrial Comodoro Riv. - Remanente Fracción Ivc","3238"
"Avenida De los Trabajadores","Parque Industrial Comodoro Rivadavia","655"
"Avenida Del Progreso","Parque Industrial Comodoro Rivadavia","656"
"De la Industria","Parque Industrial Comodoro Rivadavia","657"
"Del Comercio","Parque Industrial Comodoro Rivadavia","660"
"Grúa Titán","Parque Industrial Comodoro Rivadavia","658"
"Hielos Continentales","Parque Industrial Comodoro Rivadavia","659"
"Pioneros Patagónicos","Parque Industrial Comodoro Rivadavia","661"
"Calle 0898","Parque Industrial Comodoro Rivadavia -sur Parcelas 13 a 15","898"
"Alberto Omar Azzi","Pietrobelli","503"
"Cristobal Oscar Giménez","Pietrobelli","74"
"Félix Antognoli","Pietrobelli","502"
"Padre Vicente Martínez","Pietrobelli","643"
"Virgen del Carmen","Pietrobelli","542"
"Formosa","Pietrobelli - Balcón del Paraiso - Jorge Newbery","72"
"Misiones","Pietrobelli - Balcón del Paraiso - Jorge Newbery","71"
"Calle 0537","Pietrobelli - Entre Mza. 251a y 252a","537"
"Chaco","Pietrobelli - Jorge Newbery","70"
"Calle 0641","Pietrobelli - Mza. 69 Bis","641"
"Calle 0642","Pietrobelli - Mza. 69 Bis","642"
"Pasaje 0692","Pietrobelli - Mza. 88 Bis","692"
"Pasaje 0870","Pietrobelli - Noreste Mza. 41","870"
"Pasaje 0634","Pietrobelli - Norte Mza. 41","634"
"Pasaje 0695","Pietrobelli - Sin Mensura - Norte Mza. 245 Bis","695"
"Pasaje 0670","Pietrobelli - Sin Mensura - Oeste Mza. 245 Bis","670"
"Pasaje 0671","Pietrobelli - Sin Mensura - Oeste Mza. 245 Bis","671"
"Pasaje 0677","Pietrobelli - Sin Mensura - Oeste Mza. 245 Bis","677"
"Pasaje 0696","Pietrobelli - Sin Mensura - Oeste Mza. 245 Bis","696"
"Pasaje 0704","Pietrobelli - Sin Mensura - Oeste Mza. 245 Bis","704"
"Pasaje Peatonal 0839","Pietrobelli - Sin Mensura - Oeste Mza. 245 Bis","839"
"Calle 1600","Presidente R. M. Ortiz - Entre Albergue Universitario y Quintas","1600"
"Calle 1610","Presidente R.m. Ortiz - Entre Mza. 63 y 64 - Ex Ev, Sector 2","1610"
"Juan Grossari","Presidente Roberto M OrtizZ","1554"
"Alfonsina Storni","Presidente Roberto M. Ortiz","1518"
"Alfredo Rodríguez Gallardo","Presidente Roberto M. Ortiz","1593"
"Álvarez Jonte","Presidente Roberto M. Ortiz","1517"
"Américo Hernández","Presidente Roberto M. Ortiz","1659"
"Andrés Veleff","Presidente Roberto M. Ortiz","1622"
"Antonia Bautista","Presidente Roberto M. Ortiz","1642"
"Antonio Colciago","Presidente Roberto M. Ortiz","1543"
"Antonio Contreras","Presidente Roberto M. Ortiz","1592"
"Antonio Fernández","Presidente Roberto M. Ortiz","1651"
"Arenales","Presidente Roberto M. Ortiz","1560"
"Avenida José Ingenieros","Presidente Roberto M. Ortiz","1549"
"Avenida Ricardo Gutiérrez","Presidente Roberto M. Ortiz","1548"
"Baldomero Fernández Moreno","Presidente Roberto M. Ortiz","1502"
"Bautista Arizabalo","Presidente Roberto M. Ortiz","1618"
"Caldas","Presidente Roberto M. Ortiz","1599"
"Carlos Hector Boyer","Presidente Roberto M. Ortiz","1662"
"Carmelo Torres","Presidente Roberto M. Ortiz","1609"
"Carolina Vergara","Presidente Roberto M. Ortiz","1617"
"Celia Ochoa","Presidente Roberto M. Ortiz","1657"
"Cirilo Peralta","Presidente Roberto M. Ortiz","1643"
"Comisario General Ortilio O. González","Presidente Roberto M. Ortiz","1616"
"Daniel Rodríguez","Presidente Roberto M. Ortiz","1603"
"Diego Uroz","Presidente Roberto M. Ortiz","1645"
"Doctor Oscar Alustiza","Presidente Roberto M. Ortiz","1537"
"Dominciano Roberts","Presidente Roberto M. Ortiz","1627"
"Edmundo Epifanio Agüero","Presidente Roberto M. Ortiz","1597"
"Edmundo Perea","Presidente Roberto M. Ortiz","1523"
"El Autovia","Presidente Roberto M. Ortiz","1562"
"Elba Zarate","Presidente Roberto M. Ortiz","1646"
"Emilse Robledo","Presidente Roberto M. Ortiz","1650"
"Enrique Larreta","Presidente Roberto M. Ortiz","1520"
"Ernesto Julio Desimone","Presidente Roberto M. Ortiz","1613"
"Estación Cañadón Lagarto","Presidente Roberto M. Ortiz","1525"
"Estación Diadema Argentina","Presidente Roberto M. Ortiz","1511"
"Estación Empalme Astra","Presidente Roberto M. Ortiz","1513"
"Estación Holdich","Presidente Roberto M. Ortiz","1524"
"Estación Talleres","Presidente Roberto M. Ortiz","1516"
"Estación Valle Hermoso","Presidente Roberto M. Ortiz","1542"
"Estanislao del Campo","Presidente Roberto M. Ortiz","1509"
"Estanislao Varas","Presidente Roberto M. Ortiz","1563"
"Etelvina Alemán","Presidente Roberto M. Ortiz","1624"
"Federico García Lorca","Presidente Roberto M. Ortiz","1551"
"Fedora Cherenichenko","Presidente Roberto M. Ortiz","1615"
"Félix Mendoza","Presidente Roberto M. Ortiz","1545"
"Fermín Quiliñan","Presidente Roberto M. Ortiz","1611"
"Ferrocarril General Belgrano","Presidente Roberto M. Ortiz","1541"
"Ferrocarril General Mitre","Presidente Roberto M. Ortiz","1538"
"Ferrocarril General Roca","Presidente Roberto M. Ortiz","1540"
"Ferrocarril General San Martín","Presidente Roberto M. Ortiz","1535"
"Ferrocarril General Urquiza","Presidente Roberto M. Ortiz","1534"
"Ferrocarril Patagónico","Presidente Roberto M. Ortiz","1528"
"Ferrocarriles Argentinos","Presidente Roberto M. Ortiz","1546"
"Fiorella Fiorani","Presidente Roberto M. Ortiz","1658"
"Flavio Bruscoli","Presidente Roberto M. Ortiz","1655"
"Franca Giacoponi","Presidente Roberto M. Ortiz","1652"
"Francisco Beiro","Presidente Roberto M. Ortiz","1507"
"Froilan Córdoba","Presidente Roberto M. Ortiz","1623"
"Gabriela Mistral","Presidente Roberto M. Ortiz","1514"
"Gaona","Presidente Roberto M. Ortiz","1527"
"General Conesa","Presidente Roberto M. Ortiz","1510"
"General Hornos","Presidente Roberto M. Ortiz","1550"
"General Paz","Presidente Roberto M. Ortiz","1506"
"Hugo Curan","Presidente Roberto M. Ortiz","1656"
"Humberto Rodolfo Cesarini","Presidente Roberto M. Ortiz","1594"
"Irene Irigaray de Clarke","Presidente Roberto M. Ortiz","1696"
"Isidro Don Salva","Presidente Roberto M. Ortiz","1595"
"Jacinto Benavente","Presidente Roberto M. Ortiz","1504"
"Jorge Omar Rain","Presidente Roberto M. Ortiz","1602"
"José Cambareri","Presidente Roberto M. Ortiz","1580"
"José Osvaldo Barcelo","Presidente Roberto M. Ortiz","1536"
"José Patricio Ruiz","Presidente Roberto M. Ortiz","1654"
"Juan Cherednichenco","Presidente Roberto M. Ortiz","1803"
"Juan Félix Da Cruz Ponte","Presidente Roberto M. Ortiz","1644"
"Juan García Marcet","Presidente Roberto M. Ortiz","1582"
"Juan Manuel Bautista","Presidente Roberto M. Ortiz","1661"
"Justa Josefa Casares","Presidente Roberto M. Ortiz","1649"
"La Patria","Presidente Roberto M. Ortiz","1505"
"Leopoldo Carrizo","Presidente Roberto M. Ortiz","1614"
"Lobo Marino","Presidente Roberto M. Ortiz","1682"
"Lope de Vega","Presidente Roberto M. Ortiz","1521"
"Los Boyeros","Presidente Roberto M. Ortiz","1579"
"Los Patagónicos","Presidente Roberto M. Ortiz","1555"
"Luis Rene Matosin","Presidente Roberto M. Ortiz","1581"
"Luis Vernet","Presidente Roberto M. Ortiz","1596"
"Manuel Varas","Presidente Roberto M. Ortiz","1608"
"Marcos Roberts","Presidente Roberto M. Ortiz","1660"
"Margarita Galetto de Abad","Presidente Roberto M. Ortiz","1522"
"Maria Filomena Montoya","Presidente Roberto M. Ortiz","1653"
"Mateo Mateff","Presidente Roberto M. Ortiz","1626"
"Miguel de Cervantes Saavedra","Presidente Roberto M. Ortiz","1501"
"Nazca","Presidente Roberto M. Ortiz","1526"
"Noemi Uria","Presidente Roberto M. Ortiz","1647"
"Norberto Gómez","Presidente Roberto M. Ortiz","1700"
"Pavón","Presidente Roberto M. Ortiz","1559"
"Pedro Calderon de la Barca","Presidente Roberto M. Ortiz","1552"
"Pedro Galeano","Presidente Roberto M. Ortiz","1664"
"Puerto Argentino","Presidente Roberto M. Ortiz","1558"
"Rafael Uroz","Presidente Roberto M. Ortiz","1544"
"Reconquista","Presidente Roberto M. Ortiz","1529"
"Ricardo Güiraldes","Presidente Roberto M. Ortiz","1512"
"Ricardo Rojas","Presidente Roberto M. Ortiz","1519"
"Roberto Fontanarrosa","Presidente Roberto M. Ortiz","1591"
"Rodolfo Casamiquela","Presidente Roberto M. Ortiz","1607"
"Rodolfo Nacer","Presidente Roberto M. Ortiz","1648"
"Rodolfo Paez","Presidente Roberto M. Ortiz","1621"
"Rosa Casas Noblega","Presidente Roberto M. Ortiz","1553"
"Salguero","Presidente Roberto M. Ortiz","1547"
"Salustio Hernández","Presidente Roberto M. Ortiz","1641"
"Saluztio Lozada","Presidente Roberto M. Ortiz","1508"
"Segundo Soto","Presidente Roberto M. Ortiz","1663"
"Segurola","Presidente Roberto M. Ortiz","1515"
"Sergio Chavez","Presidente Roberto M. Ortiz","1598"
"Teodoro Trifonoff","Presidente Roberto M. Ortiz","1625"
"Viola Núñez de Narvaez","Presidente Roberto M. Ortiz","1612"
"Virgilio Fernández","Presidente Roberto M. Ortiz","1539"
"Presidente Raúl Ricardo Alfonsín","Presidente Roberto M. Ortiz - Don Bosco","1620"
"Calle 1699","Presidente Roberto M. Ortiz - Entre Mza. 193 y Mzo. 98","1699"
"Calle 1795","Presidente Roberto M. Ortiz - Entre Mza. 7 y Mzo. 8","1795"
"Calle 1604","Presidente Roberto M. Ortiz - Entre Mza. 87 y Mzo. 88","1604"
"Calle 1589","Presidente Roberto M. Ortiz - Entre Mza. 96 y 28 (pcia.)","1589"
"Calle 1805","Presidente Roberto M. Ortiz - Entre Mzas. 112 a 121 (c.4-s.10)","1805"
"Calle 1808","Presidente Roberto M. Ortiz - Entre Mzas. 112 y 113 (c.4-s.10)","1808"
"Calle 1809","Presidente Roberto M. Ortiz - Entre Mzas. 113 a 122 (c.4-s.10)","1809"
"Calle 1804","Presidente Roberto M. Ortiz - Entre Mzas. 114 a 117 (c.4-s.10)","1804"
"Calle 1810","Presidente Roberto M. Ortiz - Entre Mzas. 114 a 122 (c.4-s.10)","1810"
"Calle 1806","Presidente Roberto M. Ortiz - Entre Mzas. 118 a 122 (c.4-s.10)","1806"
"Pasaje 1794","Presidente Roberto M. Ortiz - Entre Mzas. 31 y 32","1794"
"Pasaje 1801","Presidente Roberto M. Ortiz - Entre Mzas. 56 y 57","1801"
"Calle 1583","Presidente Roberto M. Ortiz - Entre Mzas. 6 y 7 - Sec. 1","1583"
"Calle 1695","Presidente Roberto M. Ortiz - Entre Mzo. 98 y Mza. 180","1695"
"Calle 1665","Presidente Roberto M. Ortiz - Entre Parcelas 5 y 10 (c.4 - S.10)","1665"
"Calle 1802","Presidente Roberto M. Ortiz - Este Mza. 105 (c.4. - S.10)","1802"
"Calle 1812","Presidente Roberto M. Ortiz - Este Mza. 168 (c.4 - S.9)","1812"
"Avenida Del Parque","Presidente Roberto M. Ortiz - Las Orquídeas","1530"
"Calle 1588","Presidente Roberto M. Ortiz - Mza. 1 y 15 - Sec. 3","1588"
"Pasaje 1697","Presidente Roberto M. Ortiz - Mza. 193 - En Trámite","1697"
"Pasaje 1698","Presidente Roberto M. Ortiz - Mza. 193 - En Trámite","1698"
"Pasaje 1673","Presidente Roberto M. Ortiz - Mza. 31 - Sector 2","1673"
"Pasaje 1587","Presidente Roberto M. Ortiz - Mza. 43","1587"
"Calle 1606","Presidente Roberto M. Ortiz - Mzo. 98","1606"
"Calle 1666","Presidente Roberto M. Ortiz - Noreste Mza. 3 - Sector 1","1666"
"Calle 1605","Presidente Roberto M. Ortiz - Noreste Mza. 52 - Sector 2","1605"
"Calle 1667","Presidente Roberto M. Ortiz - Noreste Mza. 52 - Sector 2","1667"
"Calle 1668","Presidente Roberto M. Ortiz - Noreste Mza. 52 - Sector 2","1668"
"Pasaje Peatonal 1798","Presidente Roberto M. Ortiz - Noreste Mzas. 6 y 7","1798"
"Calle 1590","Presidente Roberto M. Ortiz - Noroeste Mzo. 8 (""usina"")","1590"
"Calle 1799","Presidente Roberto M. Ortiz - Norte Mza. 3","1799"
"Pasaje 1601","Presidente Roberto M. Ortiz - Oeste Mza. 15 - Sector 3","1601"
"Calle 1811","Presidente Roberto M. Ortiz - Sudeste Mza. 170 (c.4 - S.9)","1811"
"Calle 1796","Presidente Roberto M. Ortiz - Sudoeste Mza. 7","1796"
"Calle 1800","Presidente Roberto M. Ortiz - Sur Mza. 56","1800"
"Calle 1807","Presidente Roberto M. Ortiz - Sur Mzas. 118 a 122 (c.4-s.10)","1807"
"Calle 1797","Presidente Roberto M. Ortiz - Sur Mzo. 8","1797"
"José Marti","Presiente Roberto M. Ortiz","1503"
"Maria Santisima","Presiente Roberto M. Ortiz","1561"
"1º de Noviembre","Próspero Palazzo","1735"
"Alas Argentinas","Próspero Palazzo","1748"
"Alférez Varando","Próspero Palazzo","1723"
"Amín Pérez Salazar","Próspero Palazzo","1764"
"Antártida Argentina","Próspero Palazzo","1727"
"Arturo Tesso","Próspero Palazzo","1709"
"Auxiliar Lazo","Próspero Palazzo","1728"
"Avenida Juan José Paso","Próspero Palazzo","1745"
"Ayacucho","Próspero Palazzo","1744"
"Balcarce","Próspero Palazzo","1730"
"Cabo 1º Medina","Próspero Palazzo","1731"
"Capitan García","Próspero Palazzo","1721"
"Capitan González","Próspero Palazzo","1738"
"Capitan Pedro Zanni","Próspero Palazzo","1707"
"Capitan Sarto","Próspero Palazzo","1752"
"Cruz del Sur","Próspero Palazzo","1729"
"Doctor Mariano González","Próspero Palazzo","1753"
"Domingo Matheu","Próspero Palazzo","1702"
"Francisca Z'birka","Próspero Palazzo","1767"
"Francisco Cárdenas Miranda","Próspero Palazzo","1761"
"Fuerza Aerea Argentina","Próspero Palazzo","1712"
"General Juan Lavalle","Próspero Palazzo","1749"
"Gerardo Chacoma","Próspero Palazzo","1765"
"Güemes","Próspero Palazzo","1715"
"Gustavo Cadete Torrent","Próspero Palazzo","1708"
"Hipólito Zarate","Próspero Palazzo","1750"
"Javier Arancibia","Próspero Palazzo","1766"
"Jean Mermoz","Próspero Palazzo","1724"
"Jorge Vicecomodoro Muñoz","Próspero Palazzo","1737"
"José Eliecer Villegas","Próspero Palazzo","1759"
"José Maldonado","Próspero Palazzo","1758"
"José Sandoval","Próspero Palazzo","1763"
"Juan Larrea","Próspero Palazzo","1703"
"Juan Víctor Escalante","Próspero Palazzo","1757"
"Junín","Próspero Palazzo","1743"
"Las Heras","Próspero Palazzo","1732"
"Líneas Aéreas del Estado","Próspero Palazzo","1739"
"Lituania","Próspero Palazzo","1714"
"Luro Cambaceres","Próspero Palazzo","1736"
"Manuel de Sarratea","Próspero Palazzo","1704"
"Miguel de Azcuenaga","Próspero Palazzo","1701"
"Nuestra Señora de Loreto","Próspero Palazzo","1717"
"Ramón Huenchucheo","Próspero Palazzo","1762"
"Reconquista","Próspero Palazzo","1718"
"Ricardo Cross","Próspero Palazzo","1706"
"Rocio Escribano Ortiz","Próspero Palazzo","1711"
"Roque Contreras","Próspero Palazzo","1760"
"Saint Exupery","Próspero Palazzo","1725"
"San Lorenzo","Próspero Palazzo","1742"
"Simón Bolívar","Próspero Palazzo","1722"
"Teniente Álvarez","Próspero Palazzo","1720"
"Teniente Benjamin Matienzo","Próspero Palazzo","1734"
"Teniente Félix Orione","Próspero Palazzo","1733"
"Teniente Gerardo J. L. Vanesia","Próspero Palazzo","1719"
"Teniente Luis Candelaria","Próspero Palazzo","1705"
"Teniente Merlo","Próspero Palazzo","1741"
"Teodoro Fels","Próspero Palazzo","1746"
"Tomás Observador Davies","Próspero Palazzo","1710"
"Trifon Andreff","Próspero Palazzo","1751"
"Ushuaia","Próspero Palazzo","1747"
"Vicecomodoro Marambio","Próspero Palazzo","1713"
"Vicente Almonacid","Próspero Palazzo","1726"
"Victoria","Próspero Palazzo","1740"
"Yapeyú","Próspero Palazzo","1716"
"Calle 1769","Próspero Palazzo - Entre las Mzas. 164 y 165","1769"
"Calle 1782","Próspero Palazzo - Entre Mza. 118 y Parcela 15","1782"
"Calle 1771","Próspero Palazzo - Entre Mzas 161 y 162","1771"
"Calle 1772","Próspero Palazzo - Entre Mzas 162 y 163","1772"
"Calle 1773","Próspero Palazzo - Entre Mzas 163 y 165","1773"
"Calle 1774","Próspero Palazzo - Entre Mzas 165 y 166","1774"
"Calle 1775","Próspero Palazzo - Entre Mzas 166 a 167","1775"
"Calle 1776","Próspero Palazzo - Entre Mzas 175 a 176","1776"
"Calle 1783","Próspero Palazzo - Entre Mzas. 118 y 119","1783"
"Calle 1781","Próspero Palazzo - Entre Mzas. 118, 119 y Parcelas 16 a 21","1781"
"Calle 1788","Próspero Palazzo - Entre Mzas. 123 y 122","1788"
"Calle 1785","Próspero Palazzo - Entre Mzas. 189 y 193","1785"
"Calle 1792","Próspero Palazzo - Entre Mzas. 198 y Mza. 84 (pcia.)","1792"
"Calle 1780","Próspero Palazzo - Entre Mzas. S, 89, 118 y 119","1780"
"Calle 1793","Próspero Palazzo - Este Mza. 70","1793"
"Calle 1784","Próspero Palazzo - Este Mzas. 89 y 119","1784"
"Calle 1777","Próspero Palazzo - Extensión Sur Cancha de Palazzo","1777"
"Calle 1778","Próspero Palazzo - Extensión Sur Cancha de Palazzo","1778"
"Calle 1779","Próspero Palazzo - Extensión Sur Cancha de Palazzo","1779"
"Calle 1754","Próspero Palazzo - Fracción D y e","1754"
"Calle 1755","Próspero Palazzo - Fracción D y e","1755"
"Calle 1756","Próspero Palazzo - Fracción D y e","1756"
"Calle 1786","Próspero Palazzo - Noroeste Cementerio","1786"
"Calle 1770","Próspero Palazzo - Noroeste Mzas. 161 a 166","1770"
"Calle 1789","Próspero Palazzo - Sudoeste Mzo. 180","1789"
"Calle 1768","Próspero Palazzo - Sur Mzas. 161 a 165","1768"
"Calle 2000","Próspero Palazzo - Sur Parcela 20","2000"
"Alfredo Palacios","Pueyrredón","268"
"Alicia Doctora Moreau de Justo","Pueyrredón","262"
"Aníbal Don Forcada","Pueyrredón","269"
"Antonio Moran","Pueyrredón","277"
"Arturo Jauretche","Pueyrredón","264"
"Avenida Callao","Pueyrredón","287"
"Avenida Libertad","Pueyrredón","288"
"Basilio Miljukow","Pueyrredón","281"
"Cipriano Alonso","Pueyrredón","279"
"Colonos Sudafricanos","Pueyrredón","261"
"Colonos Vascos","Pueyrredón","258"
"Combate Vuelta de Obligado","Pueyrredón","254"
"Comisario Principal Cosme Lavalle","Pueyrredón","252"
"Doctor Aníbal José Arcioni","Pueyrredón","283"
"Doctor Francisco Tejo","Pueyrredón","276"
"Doctor Manuel Pio Raso","Pueyrredón","270"
"Doctor Oscar Arturo Herrera","Pueyrredón","278"
"Gabriel Barcelo","Pueyrredón","282"
"Juan Díaz de Solís","Pueyrredón","265"
"Julio César Don Larraude","Pueyrredón","259"
"La Gaceta de Buenos Aires","Pueyrredón","286"
"La Nación","Pueyrredón","256"
"La Razón","Pueyrredón","285"
"Luis Sáenz Peña","Pueyrredón","263"
"Manuel Maestro Geronazzo","Pueyrredón","610"
"Presidente Arturo Frondizi","Pueyrredón","271"
"Ramón Deomar Reina","Pueyrredón","280"
"Salvador Berardi","Pueyrredón","249"
"Sargento Onofre Saavedra","Pueyrredón","267"
"Teodoro Cereceda","Pueyrredón","248"
"Tripulacion Gandul","Pueyrredón","273"
"Vicente López y Planes","Pueyrredón","266"
"Mariquita Sánchez","Pueyrredón - 30 de Octubre","272"
"San José de Jachal","Pueyrredón - 30 de Octubre","274"
"Avenida Chile","Pueyrredón - 30 de Octubre - Mario Abel Amaya","284"
"Ángel Freile","Pueyrredón - Humberto Beghin","250"
"Antonio Belcastro","Pueyrredón - Humberto Beghin","253"
"Manuel Arburua","Pueyrredón - Humberto Beghin","251"
"Enrique de Girolamo","Pueyrredón - Humberto Beghin - 30 de Octubre","255"
"Coronel José Valentín de Olavarría","Pueyrredón - Juan Xxiii","246"
"Gobernador Jorge J. Galina","Pueyrredón - Juan Xxiii","244"
"La Prensa","Pueyrredón - Juan Xxiii","242"
"Cerro Chenque","Pueyrredón - San Isidro Labrador","235"
"Teniente General D. Nicolás Levalle","Pueyrredón - Teniente General Julio Argentino Roca","236"
"Avenida Cañada","Pueyrredón - Tte. Gral. Julio Argentino Roca","260"
"Colonos Galeses","Pueyrredón - Tte. Gral. Julio Argentino Roca","257"
"Ángel Velaz","Quirno Costa - San Isidro Labrador","372"
"Los Perales","Quirno Costa - San Martín","103"
"Amado Nervo","Restinga Alí","2810"
"Andrés Bello","Restinga Alí","2809"
"Arturo Marasso","Restinga Alí","2815"
"Benito Pérez Galdos","Restinga Alí","2806"
"Dolores Mora","Restinga Alí","2801"
"Ernesto Carriego","Restinga Alí","2802"
"Eugenio María de Hostos","Restinga Alí","2813"
"Gustavo Adolfo Bécquer","Restinga Alí","2812"
"Hilario Ascasubi","Restinga Alí","2803"
"José Sixto Álvarez","Restinga Alí","2811"
"Leopoldo Marechal","Restinga Alí","2808"
"Mario Bravo","Restinga Alí","2804"
"Pablo Neruda","Restinga Alí","2807"
"Ricardo Palma","Restinga Alí","2805"
"Rubén Darío","Restinga Alí","2814"
"Calle 2825","Restinga Alí - Don Bosco -entre Mzas. 140, 141 y Mzo. a","2825"
"Calle 2828","Restinga Alí - Entre Mzas. 132 y 133","2828"
"Calle 2827","Restinga Alí - Entre Mzas. 140 y 141","2827"
"Calle 2817","Restinga Alí - Entre Mzas. 28 y 36","2817"
"Pasaje 2818","Restinga Alí - Entre Mzas. 40 y 41","2818"
"Calle 2868","Restinga Alí - Este Mza. 106","2868"
"Calle 2867","Restinga Alí - Noreste Mza. 106","2867"
"Calle 2819","Restinga Alí - Oeste Mzas. 35 y 36","2819"
"Calle 2820","Restinga Alí - Sector sin Mensura, Oeste Mzas. 35 y 36","2820"
"Calle 2816","Restinga Alí - Sudeste Mzas. 29 y 35","2816"
"Calle 2826","Restinga Alí - Sur Mza. 141","2826"
"José Nicolás Matienzo","Rodríguez Peña","2901"
"Lucio Victorio Mansilla","Rodríguez Peña","2904"
"Presidente Juan Domingo Perón","Ruta Intermunicipal Comodoro Rivadavia - Rada Tilly","463"
"Alfonso Esteban","Saavedra","2231"
"Avenida Del Pinar","Saavedra","2213"
"Carlos Caña Mück","Saavedra","3173"
"El Algarrobo","Saavedra","2210"
"El Amancay","Saavedra","2202"
"El Ombu","Saavedra","2205"
"Fabián Arienti","Saavedra","2225"
"Honoria Angela Siares","Saavedra","3174"
"José Sixto Almiron","Saavedra","2220"
"Juan Echezarreta","Saavedra","3172"
"Juan Pozas","Saavedra","2201"
"Las Acacias","Saavedra","2208"
"Las Araucarias","Saavedra","2207"
"Las Lengas","Saavedra","2218"
"Los Alamos","Saavedra","2203"
"Los Alerces","Saavedra","2204"
"Los Aromos","Saavedra","2212"
"Los Cedros","Saavedra","2211"
"Los Ceibos","Saavedra","2209"
"Los Robles","Saavedra","2214"
"Los Rosales","Saavedra","2215"
"Los Sauces","Saavedra","2217"
"Los Tamariscos","Saavedra","2216"
"Rauli","Saavedra","2206"
"Calle 3171","Saavedra - Entre Fracción Iii y Parcela 21","3171"
"Calle 2233","Saavedra - Entre Mza. 69 y Mzo. 71","2233"
"Pasaje Peatonal 2237","Saavedra - Entre Mzas. 121 y 144","2237"
"Calle 2235","Saavedra - Entre Mzas. 179 y 180","2235"
"Pasaje 2239","Saavedra - Entre Mzas. 32 y 33","2239"
"Calle 2229","Saavedra - Entre Mzas. 36 y 35","2229"
"Calle 2238","Saavedra - Entre Mzas. 36 y 37","2238"
"Calle 2223","Saavedra - Entre Mzas. 63, 64, 65 y 66","2223"
"Calle 2227","Saavedra - Entre Mzas. 64 y 63","2227"
"Calle 2226","Saavedra - Entre Mzas. 65 y 64","2226"
"Calle 2232","Saavedra - Entre Mzas. 69 y 74","2232"
"Pasaje Peatonal 2236","Saavedra - Entre Parcelas 104 a 109","2236"
"Calle 2234","Saavedra - Este Mza. 180","2234"
"Calle 2228","Saavedra - Este Mza. 63","2228"
"Calle 2230","Saavedra - Mza. 35","2230"
"Calle 2221","Saavedra - Norte Mza. 35","2221"
"Calle 2224","Saavedra - Norte Mzas. 63 a 65","2224"
"Los Ñires","Saavedra - Nuestra Señora de la Divina Providencia","2219"
"Calle 2222","Saavedra - Sur Parcela 11 y Mza. 66","2222"
"4 de Agosto","San Cayetano","526"
"Alberto Ricardo Rolinho","San Cayetano","504"
"Carlos Guastavino","San Cayetano","452"
"Diario La República","San Cayetano","496"
"Félix Loza","San Cayetano","536"
"Hugo César González","San Cayetano","527"
"Lorenzo Laureano Rey","San Cayetano","553"
"Luis Pasteur","San Cayetano","451"
"Miguel Ángel Gatti","San Cayetano","819"
"Natalia Payaguala","San Cayetano","428"
"Vita Gómez","San Cayetano","832"
"Calle 0866","San Cayetano - Entre Mza. 105 y 131","866"
"Calle 0845","San Cayetano - Entre Mza. 113 y 114","845"
"Calle 0846","San Cayetano - Entre Mza. 113 y 118","846"
"Doctor Daniel Omar Segura","San Cayetano - Entre Mza. 113 y 118","552"
"Calle 0847","San Cayetano - Entre Mza. 117 y 119","847"
"Calle 0554","San Cayetano - Entre Mza. 120 y 121","554"
"Calle 0859","San Cayetano - Entre Mza. 120 y 121","859"
"Calle 0555","San Cayetano - Entre Mza. 121 y 122","555"
"Calle 0556","San Cayetano - Entre Mza. 122 y 123","556"
"Calle 0559","San Cayetano - Entre Mza. 124 y 125","559"
"Calle 0756","San Cayetano - Entre Mza. 125 y 126","756"
"Calle 0867","San Cayetano - Entre Mza. 131 y 133","867"
"Calle 0868","San Cayetano - Entre Mza. 133 y 134","868"
"Calle 0650","San Cayetano - Entre Mza. 14 y 15","650"
"Calle 0649","San Cayetano - Entre Mza. 15 y 16","649"
"Calle 0709","San Cayetano - Entre Mza. 21 y 22","709"
"Calle 0710","San Cayetano - Entre Mza. 22 y 23","710"
"Calle 0494","San Cayetano - Entre Mza. 31 y 32","494"
"Calle 0495","San Cayetano - Entre Mza. 32 y 33","495"
"Calle 0506","San Cayetano - Entre Mza. 41 y 42","506"
"Calle 0505","San Cayetano - Entre Mza. 42 y 43","505"
"Calle 0821","San Cayetano - Entre Mza. 73 y 74","821"
"Calle 0820","San Cayetano - Entre Mza. 74 y 102","820"
"Calle 0509","San Cayetano - Entre Mza. 901 y 902","509"
"Calle 0869","San Cayetano - Entre Mza. 97 y 134","869"
"Calle 0948","San Cayetano - Entre Mza.155 y Parcela 18","948"
"Calle 0969","San Cayetano - Entre Mzas. 137 y 143","969"
"Calle 0970","San Cayetano - Entre Mzas. 143 y 137","970"
"Calle 0968","San Cayetano - Entre Mzas. 144 y 145","968"
"Pasaje 0967","San Cayetano - Entre Mzas. 145 y 146","967"
"Calle 0949","San Cayetano - Entre Mzas. 154 a 156 y Parcela 16","949"
"Pasaje Peatonal 1342","San Cayetano - Entre Mzas. 68, 113 y 118","1342"
"Calle 0831","San Cayetano - Este Mza. 101","831"
"Calle 0711","San Cayetano - Este Mza. 23","711"
"Calle 0703","San Cayetano - Este Mza. 6","703"
"Calle 0528","San Cayetano - Este Mzas. 44, 45, 66 y 85","528"
"Calle 0964","San Cayetano - Extensión al Norte Mza. 134","964"
"Calle 0508","San Cayetano - Lado Oeste Mzas. 28 y 36","508"
"Calle 0507","San Cayetano - Lado Sur Mza. 41","507"
"Caiquen","San Cayetano - Máximo Abasolo","427"
"Calle 0606","San Cayetano - Máximo Abasolo - Entre Mza. 58 y 61","606"
"Armando Tejada Gómez","San Cayetano - Máximo Abasolo - Entre Mza. 72 y 73","605"
"Calle 0885","San Cayetano - Mza. 101","885"
"Pasaje 0878","San Cayetano - Mza. 112","878"
"Pasaje 0971","San Cayetano - Mza. 137","971"
"Pasaje 0972","San Cayetano - Mza. 137","972"
"Pasaje 0973","San Cayetano - Mza. 143","973"
"Calle 0816","San Cayetano - Mza. 18","816"
"Pasaje 0895","San Cayetano - Mzas. 98 y 99","895"
"Calle 1343","San Cayetano - Noroeste Mza. 41","1343"
"Calle 0886","San Cayetano - Noroeste Parcela 12","886"
"Calle 0887","San Cayetano - Noroeste Parcela 12","887"
"Calle 0888","San Cayetano - Noroeste Parcela 12","888"
"Calle 0889","San Cayetano - Noroeste Parcela 12","889"
"Calle 0890","San Cayetano - Noroeste Parcela 12","890"
"Calle 0891","San Cayetano - Noroeste Parcela 12","891"
"Calle 0892","San Cayetano - Noroeste Parcela 12","892"
"Calle 0823","San Cayetano - Norte Mza. 73 a 78, 102 y 103","823"
"Calle 0558","San Cayetano - Oeste Mza. 119 a 123","558"
"Calle 0560","San Cayetano - Oeste Mza. 125","560"
"Calle 0822","San Cayetano - Oeste Mza. 73","822"
"Pasaje Peatonal 0884","San Cayetano - Oeste Mza. 79","884"
"Calle 0864","San Cayetano - Sin Mensura - Sudoeste Mza. 132","864"
"Calle 0893","San Cayetano - Sudoeste Mza. 132","893"
"Calle 0879","San Cayetano - Sur Mza. 112","879"
"Calle 0557","San Cayetano - Sur Mza. 123 y 125","557"
"Calle 0651","San Cayetano - Sur Mza. 14, 19 y 20","651"
"Raúl Cercos","San Cayetano -cordon Forestal -los Bretes -acceso Sur","690"
"Sixto ""Coña"" Ojeda","San Cayetano -cordon Forestal -los Bretes -acceso Sur","718"
"Abel Ippoliti","San Isidro Labrador","434"
"Combate de San Lorenzo","San Isidro Labrador","437"
"Coronel Moldes","San Isidro Labrador","436"
"Doctor Luis Agote","San Isidro Labrador","440"
"General Acha","San Isidro Labrador","435"
"Hernando de Magallanes","San Isidro Labrador","438"
"Laureana Ferrari","San Isidro Labrador","439"
"San Francisco de Asís","San Isidro Labrador - Doctor Quirno Costa","233"
"Pasaje Peatonal 0688","San Isidro Labrador - Mza. 454","688"
"Antonio Miroglio","San Martín","534"
"Batalla de Ganso Verde","San Martín","113"
"Las Margaritas","San Martín","96"
"Las Rosas","San Martín","97"
"Las Violetas","San Martín","101"
"Los Jazmines","San Martín","100"
"Los Manzanos","San Martín","104"
"Los Naranjos","San Martín","102"
"Los Pensamientos","San Martín","99"
"Pasaje 19 de Enero","San Martín","112"
"Pasaje Alborada","San Martín","111"
"Pasaje Batalla de San Carlos","San Martín","105"
"Pasaje Los Alelies","San Martín","109"
"Pasaje Los Crisantemos","San Martín","107"
"Pasaje 0551","San Martín - Entre Mza. 12 y 15","551"
"Pasaje 0697","San Martín - Entre Mza. 20 y 21","697"
"Calle 0535","San Martín - Entre Mza. 4 y 5","535"
"Calle 0533","San Martín - Entre Mza. 6 y 8","533"
"Calle 0861","San Martín - Entre Mza. 64 y 65","861"
"Los Claveles","San Martín - La Floresta","98"
"Las Frutillas","San Martín - Máximo Abasolo","523"
"Los Duraznos","San Martín - Máximo Abasolo","106"
"Los Platanos","San Martín - Máximo Abasolo","110"
"Pasaje Las Fresas","San Martín - Máximo Abasolo","108"
"Pasaje 0865","San Martín - Mza. 67","865"
"Calle 0532","San Martín - Mza. 8","532"
"Calle 0698","San Martín - Norte Mza. 20 y 21","698"
"Argelino Zuluaga","Sarmiento","2946"
"Ariel Carrizo","Sarmiento","2941"
"Arminda de Lobos","Sarmiento","2959"
"Blanca de Robles","Sarmiento","2971"
"Buenos Aires","Sarmiento","2920"
"Calle 2947","Sarmiento","2947"
"Carmen de Atencio","Sarmiento","2958"
"Chubut","Sarmiento","2919"
"Delfin Palacios","Sarmiento","2940"
"Dora de Centeno","Sarmiento","2972"
"Entre Ríos","Sarmiento","2918"
"Estela Cano","Sarmiento","2975"
"Florentino Silvera","Sarmiento","2957"
"Formosa","Sarmiento","2915"
"Francisca Brizuela","Sarmiento","2944"
"José Millan","Sarmiento","2970"
"Marcelino Antilipi","Sarmiento","2950"
"Oscar Sanagua","Sarmiento","2943"
"Petrona de Carrizo","Sarmiento","2945"
"Rafaela de Rodríguez","Sarmiento","2976"
"Ramón Nieva","Sarmiento","2951"
"Ramón Quidiman","Sarmiento","2948"
"Regino Cortez","Sarmiento","2942"
"Santa Fe","Sarmiento","2917"
"Sara de Vera","Sarmiento","2949"
"Tucumán","Sarmiento","2916"
"Tulio López","Sarmiento","2952"
"Valentín Cano","Sarmiento","2939"
"Calle 2684","Sarmiento - Entre Mzas 160 a 167","2684"
"Calle 2681","Sarmiento - Entre Mzas 160 y 161","2681"
"Calle 2682","Sarmiento - Entre Mzas 161 a 166","2682"
"Calle 2683","Sarmiento - Entre Mzas 164 a 168","2683"
"Calle 2680","Sarmiento - Entre Mzas 165 a 168","2680"
"Calle 2647","Sarmiento - Entre Mzas. 154 y 153","2647"
"Calle 2646","Sarmiento - Entre Mzas. 155 y 154","2646"
"Calle 2675","Sarmiento - Entre Mzas. 156 y 157","2675"
"Calle 2676","Sarmiento - Entre Mzas. 157 y 158","2676"
"Pasaje Peatonal 2669","Sarmiento - Entre Mzas. 65 y 66","2669"
"Calle 2640","Sarmiento - Entre Mzas. 76 y 148","2640"
"Calle 2637","Sarmiento - Entre Mzo. 147 y Mza. 21","2637"
"Calle 3470","Sarmiento - Este Mzas. 144 y 52","3470"
"Calle 2649","Sarmiento - Este Mzas. 152 a 154","2649"
"Calle 2677","Sarmiento - Norte Mza. 158","2677"
"Calle 2638","Sarmiento - Norte Mzo. 147","2638"
"Calle 2685","Sarmiento - Oeste Mzas 160 a 162","2685"
"Calle 2648","Sarmiento - Oeste Mzas. 152 a 154","2648"
"Calle 2641","Sarmiento - Oeste Mzas. 75, 76 y 148","2641"
"Calle 2639","Sarmiento - Sur Mzas. 148 y 149","2639"
"30 de Octubre","Standard Norte","2367"
"Alberto Pacheco","Standard Norte","2362"
"Aoniken","Standard Norte","2455"
"Avenida Nahuel Huapi","Standard Norte","2392"
"Bosques Petrificados","Standard Norte","2387"
"Cardenal Sammore","Standard Norte","2309"
"Copihue","Standard Norte","2459"
"Doctor Roque Raul Encina","Standard Norte","2369"
"El Coiron","Standard Norte","2462"
"El Cóndor","Standard Norte","2427"
"El Palmar","Standard Norte","2391"
"Eulogio Pozzi","Standard Norte","2364"
"Foye","Standard Norte","2456"
"Ignacio Zúñiga","Standard Norte","2368"
"Iguazú","Standard Norte","2388"
"Ingeniero Federico Saufal","Standard Norte","2363"
"Juan Facundo Quiroga","Standard Norte","2361"
"Kintral","Standard Norte","2463"
"Laguna Blanca","Standard Norte","2386"
"Las Maras","Standard Norte","2460"
"Llao Llao","Standard Norte","2458"
"Los Arrayanes","Standard Norte","2390"
"Los Coihues","Standard Norte","2428"
"Los Glaciares","Standard Norte","2389"
"Los Huemules","Standard Norte","2457"
"Luis Guillen","Standard Norte","2476"
"Manuel Mujica Lainez","Standard Norte","2366"
"Neneo","Standard Norte","2464"
"Pehuen","Standard Norte","2426"
"Pircum","Standard Norte","2461"
"Francisco Pacheco","Standard Norte - Don Bosco","2437"
"Calle 2865","Standard Norte - Entre Mzas. 139 y 140","2865"
"Calle 2875","Standard Norte - Entre Mzas. 30 y 31","2875"
"Calle 2465","Standard Norte - Entre Mzas. 93 y 95","2465"
"Avenida 8 de Diciembre","Standard Norte - Gobernador Fontana","2360"
"Calle 2866","Standard Norte - Noroeste Mza. 139","2866"
"Calle 2467","Standard Norte - Sudoeste Mza. 101","2467"
"Calle 2466","Standard Norte - Sudoeste Mzas. 94 a 96","2466"
"Calle 2864","Standard Norte - Sur Mzas. Sudoeste Mzas. 139 y 140","2864"
"Américo Viegas","Standard Sur","2356"
"Arroyo Apeleg","Standard Sur","2852"
"Arroyo Leleque","Standard Sur","2856"
"Cristo Nicolau","Standard Sur","2353"
"Domingo Bueti","Standard Sur","2500"
"Hilda Estela Castro","Standard Sur","2475"
"Ingeniero Eduardo P. Señior","Standard Sur","2348"
"Ingeniero Hugo J. Strasser","Standard Sur","2358"
"Ingeniero Roger e. Cosandier","Standard Sur","2349"
"José de Sousa Parreira","Standard Sur","2354"
"José Ochotorena","Standard Sur","2854"
"Lago La Plata","Standard Sur","2855"
"Luis Vlk","Standard Sur","2848"
"Manuel Raul Rios","Standard Sur","2359"
"Miguel Pratt","Standard Sur","2350"
"Odilio Fernández","Standard Sur","2365"
"Reynaldo Bruno","Standard Sur","2351"
"Río Claro","Standard Sur","2851"
"Río Lules","Standard Sur","2849"
"Río Puelo","Standard Sur","2850"
"Río Salado del Norte","Standard Sur","2853"
"Serafín Pérez","Standard Sur","2355"
"Sofia Moll de Milton","Standard Sur","2352"
"Teodoro Petroff","Standard Sur","2357"
"Casimiro Frydlewics","Standard Sur - Gobernador Fontana","2439"
"Calle 2870","Standard Sur - Norte Mza. 142","2870"
"Calle 2886","Standard Sur - Oeste Mza. 80","2886"
"Alberto Toledo","Stella Maris","562"
"Albino Panasiuk","Stella Maris","957"
"Armando Riquelme","Stella Maris","561"
"Benito Antonio Morales","Stella Maris","520"
"Bernardo Vilte","Stella Maris","917"
"Blanca Azucena Ramírez","Stella Maris","956"
"Carlos ""Oso"" Omar Barreilles","Stella Maris","920"
"Carlos Alanis","Stella Maris","921"
"Carlos Saavedra Lamas","Stella Maris","349"
"Dalmacio Miranda","Stella Maris","638"
"Demetrio Bova","Stella Maris","919"
"Dionicio Ojeda Álvarez","Stella Maris","637"
"Domingo Alfredo Ochoa","Stella Maris","811"
"Fermín García","Stella Maris","539"
"Florencio Peinipil","Stella Maris","916"
"Florentino Fernández","Stella Maris","540"
"Francisco Segundo Avendaño","Stella Maris","516"
"Hector Segundo García","Stella Maris",""
"Herminio Ángel Llauco","Stella Maris","918"
"Hilda Layes","Stella Maris","1351"
"Hortensio Vicepresidente Quijano","Stella Maris","850"
"José Conrado Robles","Stella Maris","626"
"José Germain Coñuecar","Stella Maris","951"
"Juan Bautista Mardones","Stella Maris","827"
"Juan Carlos Echaniz","Stella Maris","518"
"Juan de Dios Contreras Pinilla","Stella Maris","922"
"Juan Pedro Frias","Stella Maris","852"
"Luis Sebastián Caperochipi","Stella Maris","351"
"Manuel Alvarado Huentelican","Stella Maris","851"
"Manuel Pérez","Stella Maris","958"
"Marcos Garnica","Stella Maris","517"
"Margarita Koester","Stella Maris","826"
"Mario César Groppa","Stella Maris","959"
"Mastrodicasa","Stella Maris","640"
"Presidente Ramón Castillo","Stella Maris","639"
"Ramón Guido Barrientos","Stella Maris","923"
"Rosendo Flores","Stella Maris","961"
"Saturnino López","Stella Maris","350"
"Telmo Vargas","Stella Maris","950"
"Vicente Torraca","Stella Maris","849"
"Calle 1361","Stella Maris - Entre Mza 261 y Mzo 161","1361"
"Calle 0563","Stella Maris - Entre Mza. 920 y 921","563"
"Calle 1363","Stella Maris - Entre Mzas 261 y 263","1363"
"Calle 1353","Stella Maris - Entre Mzas. 174 y 175","1353"
"Calle 1354","Stella Maris - Entre Mzas. 176 y 177","1354"
"Calle 0989","Stella Maris - Entre Mzas. 257 y 258","989"
"Calle 1352","Stella Maris - Entre Mzas. 910 (mza. 11 Pcia) y 33","1352"
"Calle 1362","Stella Maris - Entre Mzo 161 y Mza 262","1362"
"Calle 0990","Stella Maris - Entre Parcela 1 y el Club Stella Maris.","990"
"Calle 0960","Stella Maris - Macizo 198 - "" 3ra Extensión ""","960"
"Calle 1364","Stella Maris - Sudeste Mza 263","1364"
"Calle 0519","Stella Maris - Sur Mza. 914","519"
"Alfredo Luis Don Buzzi","Teniente General Julio Argentino Roca","594"
"Manuel Eusebio Gabriel Tomás Arias","Teniente General Julio Argentino Roca","609"
"Roberto Justo Ezpeleta","Teniente General Julio Argentino Roca","541"
"Sargento José Anselmo Ramírez","Teniente General Julio Argentino Roca","294"
"Geronimo Maliqueo","Teniente General Julio Argentino Roca - Pueyrredón","231"
"Clarín","Teniente General Julio Argentino Roca - Pueyrredón - San Isidro Labrador","234"
"Crónica","Teniente General Julio Argentino Roca - Pueyrredon - San Isidro Labrador","240"
"Avenida Portugal","Teniente General Julio Argentino Roca","290"
"El Chubut","Teniente General Julio Argentino Roca","296"
"Esquel","Teniente General Julio Argentino Roca","295"
"Estados Arabes","Teniente General Julio Argentino Roca","289"
"Francisco Samper López","Teniente General Julio Argentino Roca","292"
"Jornada","Teniente General Julio Argentino Roca","297"
"José María Rodrigo","Teniente General Julio Argentino Roca","232"
"José Suazo","Teniente General Julio Argentino Roca","293"
"Atahualpa Yupanqui","Teniente General Julio Argentino Roca - Pueyrredón","237"
"El Patagónico","Teniente General Julio Argentino Roca - Pueyrredón - San Isidro Labrador - Dr. Quirno Costa","238"
"Luis Argentino Huergo","Zonas 1 a 6 y 31","67"
"Avenida Bernardino Rivadavia","Zonas 1 a 6, 10, 29 y 31","56"
"Avenida Hipólito Yrigoyen","Zonas 1, 16, 17, 18, 20 y 33","33"
"Domingo Faustino Sarmiento","Zonas 1, 3 a 6 y 31","63"
"José de San Martín","Zonas 1, 3 a 6 y 31","59"
"Avenida John Fitzgerald Kennedy","Zonas 10, 17, 30 y 36","199"
"Avenida Polonia","Zonas 17, 18, 29, 30, 31, 36, 37, 39 y 41","241"
"Avenida Julio Argentino Roca","Zonas 17, 30, 37, 39 y 41","247"
"Doctor Andino Cayelli","Zonas 17, 30, 37, 39 y 41","245"
"Francisco José Behr","Zonas 17, 30, 37, 39 y 41","243"
"12 de Octubre","Zonas 2, 3, 4, 5, 6 y 31","69"
"Lisandro de la Torre","Zonas 29, 30, 36 y 37","377"
"Avenida Estados Unidos","Zonas 9, 10, 17, 18, 29 y 36","149"
